physpreset,p7_cinder_block
xanim,ai_zombie_base_ad_attack_v1
xanim,ai_zombie_base_ad_attack_v2
xanim,ai_zombie_base_ad_attack_v3
xanim,ai_zombie_base_ad_attack_v4
xanim,ai_zombie_base_au_attack_v1
xanim,ai_zombie_base_au_attack_v2
xanim,ai_zombie_base_au_attack_v3
xanim,ai_zombie_base_au_attack_v4
xanim,ai_zombie_base_boardtear_aligned_l_1_grab
xanim,ai_zombie_base_boardtear_aligned_l_1_hold
xanim,ai_zombie_base_boardtear_aligned_l_1_pull
xanim,ai_zombie_base_boardtear_aligned_l_2_grab
xanim,ai_zombie_base_boardtear_aligned_l_2_hold
xanim,ai_zombie_base_boardtear_aligned_l_2_pull
xanim,ai_zombie_base_boardtear_aligned_l_3_grab
xanim,ai_zombie_base_boardtear_aligned_l_3_hold
xanim,ai_zombie_base_boardtear_aligned_l_3_pull
xanim,ai_zombie_base_boardtear_aligned_l_4_grab
xanim,ai_zombie_base_boardtear_aligned_l_4_hold
xanim,ai_zombie_base_boardtear_aligned_l_4_pull
xanim,ai_zombie_base_boardtear_aligned_l_5_grab
xanim,ai_zombie_base_boardtear_aligned_l_5_hold
xanim,ai_zombie_base_boardtear_aligned_l_5_pull
xanim,ai_zombie_base_boardtear_aligned_l_6_grab
xanim,ai_zombie_base_boardtear_aligned_l_6_hold
xanim,ai_zombie_base_boardtear_aligned_l_6_pull
xanim,ai_zombie_base_boardtear_aligned_m_1_grab
xanim,ai_zombie_base_boardtear_aligned_m_1_hold
xanim,ai_zombie_base_boardtear_aligned_m_1_pull
xanim,ai_zombie_base_boardtear_aligned_m_2_grab
xanim,ai_zombie_base_boardtear_aligned_m_2_hold
xanim,ai_zombie_base_boardtear_aligned_m_2_pull
xanim,ai_zombie_base_boardtear_aligned_m_3_grab
xanim,ai_zombie_base_boardtear_aligned_m_3_hold
xanim,ai_zombie_base_boardtear_aligned_m_3_pull
xanim,ai_zombie_base_boardtear_aligned_m_4_grab
xanim,ai_zombie_base_boardtear_aligned_m_4_hold
xanim,ai_zombie_base_boardtear_aligned_m_4_pull
xanim,ai_zombie_base_boardtear_aligned_m_5_grab
xanim,ai_zombie_base_boardtear_aligned_m_5_hold
xanim,ai_zombie_base_boardtear_aligned_m_5_pull
xanim,ai_zombie_base_boardtear_aligned_m_6_grab
xanim,ai_zombie_base_boardtear_aligned_m_6_hold
xanim,ai_zombie_base_boardtear_aligned_m_6_pull
xanim,ai_zombie_base_boardtear_aligned_r_1_grab
xanim,ai_zombie_base_boardtear_aligned_r_1_hold
xanim,ai_zombie_base_boardtear_aligned_r_1_pull
xanim,ai_zombie_base_boardtear_aligned_r_2_grab
xanim,ai_zombie_base_boardtear_aligned_r_2_hold
xanim,ai_zombie_base_boardtear_aligned_r_2_pull
xanim,ai_zombie_base_boardtear_aligned_r_3_grab
xanim,ai_zombie_base_boardtear_aligned_r_3_hold
xanim,ai_zombie_base_boardtear_aligned_r_3_pull
xanim,ai_zombie_base_boardtear_aligned_r_4_grab
xanim,ai_zombie_base_boardtear_aligned_r_4_hold
xanim,ai_zombie_base_boardtear_aligned_r_4_pull
xanim,ai_zombie_base_boardtear_aligned_r_5_grab
xanim,ai_zombie_base_boardtear_aligned_r_5_hold
xanim,ai_zombie_base_boardtear_aligned_r_5_pull
xanim,ai_zombie_base_boardtear_aligned_r_6_grab
xanim,ai_zombie_base_boardtear_aligned_r_6_hold
xanim,ai_zombie_base_boardtear_aligned_r_6_pull
xanim,ai_zombie_base_crawl_attack_v1
xanim,ai_zombie_base_crawl_attack_v2
xanim,ai_zombie_base_crawl_boardtear_aligned_l_1_grab
xanim,ai_zombie_base_crawl_boardtear_aligned_l_1_hold
xanim,ai_zombie_base_crawl_boardtear_aligned_l_1_pull
xanim,ai_zombie_base_crawl_boardtear_aligned_l_2_grab
xanim,ai_zombie_base_crawl_boardtear_aligned_l_2_hold
xanim,ai_zombie_base_crawl_boardtear_aligned_l_2_pull
xanim,ai_zombie_base_crawl_boardtear_aligned_l_3_grab
xanim,ai_zombie_base_crawl_boardtear_aligned_l_3_hold
xanim,ai_zombie_base_crawl_boardtear_aligned_l_3_pull
xanim,ai_zombie_base_crawl_boardtear_aligned_l_4_grab
xanim,ai_zombie_base_crawl_boardtear_aligned_l_4_hold
xanim,ai_zombie_base_crawl_boardtear_aligned_l_4_pull
xanim,ai_zombie_base_crawl_boardtear_aligned_l_5_grab
xanim,ai_zombie_base_crawl_boardtear_aligned_l_5_hold
xanim,ai_zombie_base_crawl_boardtear_aligned_l_5_pull
xanim,ai_zombie_base_crawl_boardtear_aligned_l_6_grab
xanim,ai_zombie_base_crawl_boardtear_aligned_l_6_hold
xanim,ai_zombie_base_crawl_boardtear_aligned_l_6_pull
xanim,ai_zombie_base_crawl_boardtear_aligned_m_1_grab
xanim,ai_zombie_base_crawl_boardtear_aligned_m_1_hold
xanim,ai_zombie_base_crawl_boardtear_aligned_m_1_pull
xanim,ai_zombie_base_crawl_boardtear_aligned_m_2_grab
xanim,ai_zombie_base_crawl_boardtear_aligned_m_2_hold
xanim,ai_zombie_base_crawl_boardtear_aligned_m_2_pull
xanim,ai_zombie_base_crawl_boardtear_aligned_m_3_grab
xanim,ai_zombie_base_crawl_boardtear_aligned_m_3_hold
xanim,ai_zombie_base_crawl_boardtear_aligned_m_3_pull
xanim,ai_zombie_base_crawl_boardtear_aligned_m_4_grab
xanim,ai_zombie_base_crawl_boardtear_aligned_m_4_hold
xanim,ai_zombie_base_crawl_boardtear_aligned_m_4_pull
xanim,ai_zombie_base_crawl_boardtear_aligned_m_5_grab
xanim,ai_zombie_base_crawl_boardtear_aligned_m_5_hold
xanim,ai_zombie_base_crawl_boardtear_aligned_m_5_pull
xanim,ai_zombie_base_crawl_boardtear_aligned_m_6_grab
xanim,ai_zombie_base_crawl_boardtear_aligned_m_6_hold
xanim,ai_zombie_base_crawl_boardtear_aligned_m_6_pull
xanim,ai_zombie_base_crawl_boardtear_aligned_r_1_grab
xanim,ai_zombie_base_crawl_boardtear_aligned_r_1_hold
xanim,ai_zombie_base_crawl_boardtear_aligned_r_1_pull
xanim,ai_zombie_base_crawl_boardtear_aligned_r_2_grab
xanim,ai_zombie_base_crawl_boardtear_aligned_r_2_hold
xanim,ai_zombie_base_crawl_boardtear_aligned_r_2_pull
xanim,ai_zombie_base_crawl_boardtear_aligned_r_3_grab
xanim,ai_zombie_base_crawl_boardtear_aligned_r_3_hold
xanim,ai_zombie_base_crawl_boardtear_aligned_r_3_pull
xanim,ai_zombie_base_crawl_boardtear_aligned_r_4_grab
xanim,ai_zombie_base_crawl_boardtear_aligned_r_4_hold
xanim,ai_zombie_base_crawl_boardtear_aligned_r_4_pull
xanim,ai_zombie_base_crawl_boardtear_aligned_r_5_grab
xanim,ai_zombie_base_crawl_boardtear_aligned_r_5_hold
xanim,ai_zombie_base_crawl_boardtear_aligned_r_5_pull
xanim,ai_zombie_base_crawl_boardtear_aligned_r_6_grab
xanim,ai_zombie_base_crawl_boardtear_aligned_r_6_hold
xanim,ai_zombie_base_crawl_boardtear_aligned_r_6_pull
xanim,ai_zombie_base_crawl_death_v1
xanim,ai_zombie_base_crawl_death_v2
xanim,ai_zombie_base_crawl_dth_tesla_a
xanim,ai_zombie_base_crawl_dth_tesla_b
xanim,ai_zombie_base_crawl_idle_v1
xanim,ai_zombie_base_crawl_run_win_trav_l_v1
xanim,ai_zombie_base_crawl_run_win_trav_r_v1
xanim,ai_zombie_base_crawl_sprint_v1
xanim,ai_zombie_base_crawl_sprint_v2
xanim,ai_zombie_base_crawl_sprint_v3
xanim,ai_zombie_base_crawl_sprint_win_trav_l_v1
xanim,ai_zombie_base_crawl_sprint_win_trav_r_v1
xanim,ai_zombie_base_crawl_v1
xanim,ai_zombie_base_crawl_v2
xanim,ai_zombie_base_crawl_v3
xanim,ai_zombie_base_crawl_v4
xanim,ai_zombie_base_crawl_v5
xanim,ai_zombie_base_crawl_win_trav_l_v1
xanim,ai_zombie_base_crawl_win_trav_m_v1
xanim,ai_zombie_base_crawl_win_trav_m_v2
xanim,ai_zombie_base_crawl_win_trav_r_v1
xanim,ai_zombie_base_death_v1
xanim,ai_zombie_base_death_v2
xanim,ai_zombie_base_death_v3
xanim,ai_zombie_base_dth_tesla_a
xanim,ai_zombie_base_dth_tesla_b
xanim,ai_zombie_base_dth_tesla_c
xanim,ai_zombie_base_dth_tesla_d
xanim,ai_zombie_base_fast_sprint_01
xanim,ai_zombie_base_fast_sprint_01_pain_chest_f
xanim,ai_zombie_base_fast_sprint_01_pain_chest_f_alt
xanim,ai_zombie_base_fast_sprint_02
xanim,ai_zombie_base_fast_sprint_02_pain_chest_f
xanim,ai_zombie_base_fast_sprint_02_pain_chest_f_alt
xanim,ai_zombie_base_fwd_ad_attack_v1
xanim,ai_zombie_base_fwd_ad_attack_v2
xanim,ai_zombie_base_idle_ad_v1
xanim,ai_zombie_base_idle_au_v1
xanim,ai_zombie_base_run_ad_attack_v1
xanim,ai_zombie_base_run_ad_attack_v2
xanim,ai_zombie_base_run_ad_attack_v3
xanim,ai_zombie_base_run_ad_attack_v4
xanim,ai_zombie_base_run_ad_sidestep_left_long_a
xanim,ai_zombie_base_run_ad_sidestep_left_long_b
xanim,ai_zombie_base_run_ad_sidestep_left_short_a
xanim,ai_zombie_base_run_ad_sidestep_right_long
xanim,ai_zombie_base_run_ad_sidestep_right_long_a
xanim,ai_zombie_base_run_ad_sidestep_right_short
xanim,ai_zombie_base_run_ad_v1
xanim,ai_zombie_base_run_ad_v11
xanim,ai_zombie_base_run_ad_v11_pain_chest_f
xanim,ai_zombie_base_run_ad_v11_pain_chest_f_alt
xanim,ai_zombie_base_run_ad_v12
xanim,ai_zombie_base_run_ad_v12_pain_chest_f
xanim,ai_zombie_base_run_ad_v12_pain_chest_f_alt
xanim,ai_zombie_base_run_ad_v14
xanim,ai_zombie_base_run_ad_v14_pain_chest_f
xanim,ai_zombie_base_run_ad_v14_pain_chest_f_alt
xanim,ai_zombie_base_run_ad_v1_pain_chest_f
xanim,ai_zombie_base_run_ad_v1_pain_chest_f_alt
xanim,ai_zombie_base_run_ad_v2
xanim,ai_zombie_base_run_ad_v20
xanim,ai_zombie_base_run_ad_v20_pain_chest_f
xanim,ai_zombie_base_run_ad_v20_pain_chest_f_alt
xanim,ai_zombie_base_run_ad_v21
xanim,ai_zombie_base_run_ad_v21_pain_chest_f
xanim,ai_zombie_base_run_ad_v21_pain_chest_f_alt
xanim,ai_zombie_base_run_ad_v22
xanim,ai_zombie_base_run_ad_v22_pain_chest_f
xanim,ai_zombie_base_run_ad_v22_pain_chest_f_alt
xanim,ai_zombie_base_run_ad_v23
xanim,ai_zombie_base_run_ad_v23_pain_chest_f
xanim,ai_zombie_base_run_ad_v23_pain_chest_f_alt
xanim,ai_zombie_base_run_ad_v24
xanim,ai_zombie_base_run_ad_v24_pain_chest_f
xanim,ai_zombie_base_run_ad_v24_pain_chest_f_alt
xanim,ai_zombie_base_run_ad_v2_pain_chest_f
xanim,ai_zombie_base_run_ad_v2_pain_chest_f_alt
xanim,ai_zombie_base_run_ad_v4
xanim,ai_zombie_base_run_ad_v4_pain_chest_f
xanim,ai_zombie_base_run_ad_v4_pain_chest_f_alt
xanim,ai_zombie_base_run_ad_v7
xanim,ai_zombie_base_run_ad_v7_pain_chest_f
xanim,ai_zombie_base_run_ad_v7_pain_chest_f_alt
xanim,ai_zombie_base_run_ad_v8
xanim,ai_zombie_base_run_ad_v8_pain_chest_f
xanim,ai_zombie_base_run_ad_v8_pain_chest_f_alt
xanim,ai_zombie_base_run_ad_win_trav_l_v1
xanim,ai_zombie_base_run_ad_win_trav_m_v1
xanim,ai_zombie_base_run_ad_win_trav_r_v1
xanim,ai_zombie_base_run_au_attack_v1
xanim,ai_zombie_base_run_au_attack_v2
xanim,ai_zombie_base_run_au_attack_v3
xanim,ai_zombie_base_run_au_attack_v4
xanim,ai_zombie_base_run_au_sidestep_left_long_a
xanim,ai_zombie_base_run_au_sidestep_left_long_b
xanim,ai_zombie_base_run_au_sidestep_left_long_c
xanim,ai_zombie_base_run_au_sidestep_left_short
xanim,ai_zombie_base_run_au_sidestep_left_short_a
xanim,ai_zombie_base_run_au_sidestep_left_short_b
xanim,ai_zombie_base_run_au_sidestep_right_long_a
xanim,ai_zombie_base_run_au_sidestep_right_long_b
xanim,ai_zombie_base_run_au_sidestep_right_long_c
xanim,ai_zombie_base_run_au_sidestep_right_short_a
xanim,ai_zombie_base_run_au_sidestep_right_short_b
xanim,ai_zombie_base_run_au_sidestep_right_short_c
xanim,ai_zombie_base_run_au_sidestep_right_short_d
xanim,ai_zombie_base_run_au_v1
xanim,ai_zombie_base_run_au_v11
xanim,ai_zombie_base_run_au_v11_pain_chest_f
xanim,ai_zombie_base_run_au_v11_pain_chest_f_alt
xanim,ai_zombie_base_run_au_v13
xanim,ai_zombie_base_run_au_v13_pain_chest_f
xanim,ai_zombie_base_run_au_v1_pain_chest_f
xanim,ai_zombie_base_run_au_v1_pain_chest_f_alt
xanim,ai_zombie_base_run_au_v2
xanim,ai_zombie_base_run_au_v20
xanim,ai_zombie_base_run_au_v20_pain_chest_f
xanim,ai_zombie_base_run_au_v20_pain_chest_f_alt
xanim,ai_zombie_base_run_au_v21
xanim,ai_zombie_base_run_au_v21_pain_chest_f
xanim,ai_zombie_base_run_au_v21_pain_chest_f_alt
xanim,ai_zombie_base_run_au_v22
xanim,ai_zombie_base_run_au_v22_pain_chest_f
xanim,ai_zombie_base_run_au_v22_pain_chest_f_alt
xanim,ai_zombie_base_run_au_v23
xanim,ai_zombie_base_run_au_v23_pain_chest_f
xanim,ai_zombie_base_run_au_v23_pain_chest_f_alt
xanim,ai_zombie_base_run_au_v24
xanim,ai_zombie_base_run_au_v24_pain_chest_f
xanim,ai_zombie_base_run_au_v24_pain_chest_f_alt
xanim,ai_zombie_base_run_au_v2_pain_chest_f
xanim,ai_zombie_base_run_au_v2_pain_chest_f_alt
xanim,ai_zombie_base_run_au_v4
xanim,ai_zombie_base_run_au_v4_pain_chest_f
xanim,ai_zombie_base_run_au_v4_pain_chest_f_alt
xanim,ai_zombie_base_run_au_v5
xanim,ai_zombie_base_run_au_v5_pain_chest_f
xanim,ai_zombie_base_run_au_v5_pain_chest_f_alt
xanim,ai_zombie_base_run_au_v9
xanim,ai_zombie_base_run_au_v9_pain_chest_f
xanim,ai_zombie_base_run_au_v9_pain_chest_f_alt
xanim,ai_zombie_base_run_au_win_trav_l_v1
xanim,ai_zombie_base_run_au_win_trav_m_v1
xanim,ai_zombie_base_run_au_win_trav_r_v1
xanim,ai_zombie_base_run_jump_down_36
xanim,ai_zombie_base_run_jump_down_48
xanim,ai_zombie_base_run_jump_down_72
xanim,ai_zombie_base_run_jump_down_96
xanim,ai_zombie_base_run_jump_up_36
xanim,ai_zombie_base_run_jump_up_48
xanim,ai_zombie_base_run_jump_up_72
xanim,ai_zombie_base_run_jump_up_96
xanim,ai_zombie_base_run_mantle_over_36
xanim,ai_zombie_base_run_mantle_over_48
xanim,ai_zombie_base_run_mantle_over_72
xanim,ai_zombie_base_run_mantle_over_96
xanim,ai_zombie_base_run_turn_135_l_v2
xanim,ai_zombie_base_run_turn_135_r_v2
xanim,ai_zombie_base_run_turn_180_l_v2
xanim,ai_zombie_base_run_turn_180_r_v2
xanim,ai_zombie_base_run_turn_45_l_v2
xanim,ai_zombie_base_run_turn_45_r_v2
xanim,ai_zombie_base_run_turn_90_l_v3
xanim,ai_zombie_base_run_turn_90_r_v2
xanim,ai_zombie_base_sprint_ad_sidestep_left_long_a
xanim,ai_zombie_base_sprint_ad_sidestep_left_long_b
xanim,ai_zombie_base_sprint_ad_sidestep_left_short_a
xanim,ai_zombie_base_sprint_ad_sidestep_right_long
xanim,ai_zombie_base_sprint_ad_sidestep_right_long_a
xanim,ai_zombie_base_sprint_ad_sidestep_right_long_b
xanim,ai_zombie_base_sprint_ad_sidestep_right_short_a
xanim,ai_zombie_base_sprint_ad_v1
xanim,ai_zombie_base_sprint_ad_v1_pain_chest_f
xanim,ai_zombie_base_sprint_ad_v1_pain_chest_f_alt
xanim,ai_zombie_base_sprint_ad_v2
xanim,ai_zombie_base_sprint_ad_v21
xanim,ai_zombie_base_sprint_ad_v21_pain_chest_f
xanim,ai_zombie_base_sprint_ad_v21_pain_chest_f_alt
xanim,ai_zombie_base_sprint_ad_v22
xanim,ai_zombie_base_sprint_ad_v22_pain_chest_f
xanim,ai_zombie_base_sprint_ad_v22_pain_chest_f_alt
xanim,ai_zombie_base_sprint_ad_v23
xanim,ai_zombie_base_sprint_ad_v23_pain_chest_f
xanim,ai_zombie_base_sprint_ad_v23_pain_chest_f_alt
xanim,ai_zombie_base_sprint_ad_v24
xanim,ai_zombie_base_sprint_ad_v24_pain_chest_f
xanim,ai_zombie_base_sprint_ad_v24_pain_chest_f_alt
xanim,ai_zombie_base_sprint_ad_v2_pain_chest_f
xanim,ai_zombie_base_sprint_ad_v2_pain_chest_f_alt
xanim,ai_zombie_base_sprint_ad_v5
xanim,ai_zombie_base_sprint_ad_v5_pain_chest_f
xanim,ai_zombie_base_sprint_ad_v5_pain_chest_f_alt
xanim,ai_zombie_base_sprint_ad_win_trav_l_v1
xanim,ai_zombie_base_sprint_ad_win_trav_m_v1
xanim,ai_zombie_base_sprint_ad_win_trav_m_v2
xanim,ai_zombie_base_sprint_ad_win_trav_r_v1
xanim,ai_zombie_base_sprint_au_sidestep_left_long_a
xanim,ai_zombie_base_sprint_au_sidestep_left_long_b
xanim,ai_zombie_base_sprint_au_sidestep_left_short_a
xanim,ai_zombie_base_sprint_au_sidestep_left_short_b
xanim,ai_zombie_base_sprint_au_sidestep_right_long_a
xanim,ai_zombie_base_sprint_au_sidestep_right_long_b
xanim,ai_zombie_base_sprint_au_sidestep_right_short_a
xanim,ai_zombie_base_sprint_au_sidestep_right_short_b
xanim,ai_zombie_base_sprint_au_v1
xanim,ai_zombie_base_sprint_au_v1_pain_chest_f
xanim,ai_zombie_base_sprint_au_v1_pain_chest_f_alt
xanim,ai_zombie_base_sprint_au_v2
xanim,ai_zombie_base_sprint_au_v20
xanim,ai_zombie_base_sprint_au_v20_pain_chest_f
xanim,ai_zombie_base_sprint_au_v20_pain_chest_f_alt
xanim,ai_zombie_base_sprint_au_v21
xanim,ai_zombie_base_sprint_au_v21_pain_chest_f
xanim,ai_zombie_base_sprint_au_v21_pain_chest_f_alt
xanim,ai_zombie_base_sprint_au_v22
xanim,ai_zombie_base_sprint_au_v22_pain_chest_f
xanim,ai_zombie_base_sprint_au_v22_pain_chest_f_alt
xanim,ai_zombie_base_sprint_au_v25
xanim,ai_zombie_base_sprint_au_v25_pain_chest_f
xanim,ai_zombie_base_sprint_au_v25_pain_chest_f_alt
xanim,ai_zombie_base_sprint_au_v2_pain_chest_f
xanim,ai_zombie_base_sprint_au_v2_pain_chest_f_alt
xanim,ai_zombie_base_sprint_au_win_trav_l_v1
xanim,ai_zombie_base_sprint_au_win_trav_m_v1
xanim,ai_zombie_base_sprint_au_win_trav_m_v2
xanim,ai_zombie_base_sprint_au_win_trav_r_v1
xanim,ai_zombie_base_sprint_turn_135_l_v2
xanim,ai_zombie_base_sprint_turn_135_r_v2
xanim,ai_zombie_base_sprint_turn_180_l_v2
xanim,ai_zombie_base_sprint_turn_180_r_v3
xanim,ai_zombie_base_sprint_turn_45_l_v2
xanim,ai_zombie_base_sprint_turn_45_r_v2
xanim,ai_zombie_base_sprint_turn_90_l_v2
xanim,ai_zombie_base_sprint_turn_90_r_v2
xanim,ai_zombie_base_supersprint_ad_v1
xanim,ai_zombie_base_supersprint_ad_v2
xanim,ai_zombie_base_supersprint_au_v1
xanim,ai_zombie_base_supersprint_au_v2
xanim,ai_zombie_base_walk_ad_attack_v1
xanim,ai_zombie_base_walk_ad_attack_v2
xanim,ai_zombie_base_walk_ad_attack_v3
xanim,ai_zombie_base_walk_ad_attack_v4
xanim,ai_zombie_base_walk_ad_sidestep_left_long_b
xanim,ai_zombie_base_walk_ad_sidestep_left_short
xanim,ai_zombie_base_walk_ad_sidestep_left_short_b
xanim,ai_zombie_base_walk_ad_sidestep_right_a
xanim,ai_zombie_base_walk_ad_sidestep_right_long_a
xanim,ai_zombie_base_walk_ad_sidestep_right_long_b
xanim,ai_zombie_base_walk_ad_sidestep_right_short
xanim,ai_zombie_base_walk_ad_sidestep_right_short_a
xanim,ai_zombie_base_walk_ad_v1
xanim,ai_zombie_base_walk_ad_v19
xanim,ai_zombie_base_walk_ad_v19_pain_chest_f
xanim,ai_zombie_base_walk_ad_v19_pain_chest_f_alt
xanim,ai_zombie_base_walk_ad_v1_pain_chest_f
xanim,ai_zombie_base_walk_ad_v1_pain_chest_f_alt
xanim,ai_zombie_base_walk_ad_v2
xanim,ai_zombie_base_walk_ad_v20
xanim,ai_zombie_base_walk_ad_v20_pain_chest_f
xanim,ai_zombie_base_walk_ad_v20_pain_chest_f_alt
xanim,ai_zombie_base_walk_ad_v21
xanim,ai_zombie_base_walk_ad_v21_pain_chest_f
xanim,ai_zombie_base_walk_ad_v21_pain_chest_f_alt
xanim,ai_zombie_base_walk_ad_v22
xanim,ai_zombie_base_walk_ad_v22_pain_chest_f
xanim,ai_zombie_base_walk_ad_v22_pain_chest_f_alt
xanim,ai_zombie_base_walk_ad_v23
xanim,ai_zombie_base_walk_ad_v23_pain_chest_f
xanim,ai_zombie_base_walk_ad_v23_pain_chest_f_alt
xanim,ai_zombie_base_walk_ad_v24
xanim,ai_zombie_base_walk_ad_v24_pain_chest_f
xanim,ai_zombie_base_walk_ad_v24_pain_chest_f_alt
xanim,ai_zombie_base_walk_ad_v25
xanim,ai_zombie_base_walk_ad_v25_pain_chest_f
xanim,ai_zombie_base_walk_ad_v25_pain_chest_f_alt
xanim,ai_zombie_base_walk_ad_v2_pain_chest_f
xanim,ai_zombie_base_walk_ad_v2_pain_chest_f_alt
xanim,ai_zombie_base_walk_ad_v3
xanim,ai_zombie_base_walk_ad_v3_pain_chest_f
xanim,ai_zombie_base_walk_ad_v3_pain_chest_f_alt
xanim,ai_zombie_base_walk_ad_v4
xanim,ai_zombie_base_walk_ad_v4_pain_chest_f
xanim,ai_zombie_base_walk_ad_v4_pain_chest_f_alt
xanim,ai_zombie_base_walk_ad_v5
xanim,ai_zombie_base_walk_ad_v5_pain_chest_f
xanim,ai_zombie_base_walk_ad_v5_pain_chest_f_alt
xanim,ai_zombie_base_walk_ad_v6
xanim,ai_zombie_base_walk_ad_v6_pain_chest_f
xanim,ai_zombie_base_walk_ad_v6_pain_chest_f_alt
xanim,ai_zombie_base_walk_ad_v7
xanim,ai_zombie_base_walk_ad_v7_pain_chest_f
xanim,ai_zombie_base_walk_ad_v7_pain_chest_f_alt
xanim,ai_zombie_base_walk_ad_win_trav_l_v1
xanim,ai_zombie_base_walk_ad_win_trav_m_v1
xanim,ai_zombie_base_walk_ad_win_trav_m_v2
xanim,ai_zombie_base_walk_ad_win_trav_m_v3
xanim,ai_zombie_base_walk_ad_win_trav_r_v1
xanim,ai_zombie_base_walk_au_attack_v1
xanim,ai_zombie_base_walk_au_attack_v2
xanim,ai_zombie_base_walk_au_attack_v3
xanim,ai_zombie_base_walk_au_attack_v4
xanim,ai_zombie_base_walk_au_pain_head_v1
xanim,ai_zombie_base_walk_au_pain_legs_v1
xanim,ai_zombie_base_walk_au_pain_torso_v1
xanim,ai_zombie_base_walk_au_sidestep_left_long
xanim,ai_zombie_base_walk_au_sidestep_left_long_d
xanim,ai_zombie_base_walk_au_sidestep_left_short
xanim,ai_zombie_base_walk_au_sidestep_right_b
xanim,ai_zombie_base_walk_au_sidestep_right_short
xanim,ai_zombie_base_walk_au_v1
xanim,ai_zombie_base_walk_au_v10
xanim,ai_zombie_base_walk_au_v10_pain_chest_f
xanim,ai_zombie_base_walk_au_v10_pain_chest_f_alt
xanim,ai_zombie_base_walk_au_v11
xanim,ai_zombie_base_walk_au_v11_pain_chest_f
xanim,ai_zombie_base_walk_au_v11_pain_chest_f_alt
xanim,ai_zombie_base_walk_au_v12
xanim,ai_zombie_base_walk_au_v12_pain_chest_f
xanim,ai_zombie_base_walk_au_v12_pain_chest_f_alt
xanim,ai_zombie_base_walk_au_v13
xanim,ai_zombie_base_walk_au_v13_pain_chest_f
xanim,ai_zombie_base_walk_au_v13_pain_chest_f_alt
xanim,ai_zombie_base_walk_au_v15
xanim,ai_zombie_base_walk_au_v15_pain_chest_f
xanim,ai_zombie_base_walk_au_v15_pain_chest_f_alt
xanim,ai_zombie_base_walk_au_v1_pain_chest_f
xanim,ai_zombie_base_walk_au_v1_pain_chest_f_alt
xanim,ai_zombie_base_walk_au_v2
xanim,ai_zombie_base_walk_au_v20
xanim,ai_zombie_base_walk_au_v20_pain_chest_f
xanim,ai_zombie_base_walk_au_v20_pain_chest_f_alt
xanim,ai_zombie_base_walk_au_v21
xanim,ai_zombie_base_walk_au_v21_pain_chest_f
xanim,ai_zombie_base_walk_au_v21_pain_chest_f_alt
xanim,ai_zombie_base_walk_au_v23
xanim,ai_zombie_base_walk_au_v23_pain_chest_f
xanim,ai_zombie_base_walk_au_v23_pain_chest_f_alt
xanim,ai_zombie_base_walk_au_v2_pain_chest_f
xanim,ai_zombie_base_walk_au_v2_pain_chest_f_alt
xanim,ai_zombie_base_walk_au_v3
xanim,ai_zombie_base_walk_au_v3_pain_chest_f
xanim,ai_zombie_base_walk_au_v3_pain_chest_f_alt
xanim,ai_zombie_base_walk_au_v4
xanim,ai_zombie_base_walk_au_v4_pain_chest_f
xanim,ai_zombie_base_walk_au_v4_pain_chest_f_alt
xanim,ai_zombie_base_walk_au_v5
xanim,ai_zombie_base_walk_au_v5_pain_chest_f
xanim,ai_zombie_base_walk_au_v5_pain_chest_f_alt
xanim,ai_zombie_base_walk_au_v6
xanim,ai_zombie_base_walk_au_v6_pain_chest_f
xanim,ai_zombie_base_walk_au_v6_pain_chest_f_alt
xanim,ai_zombie_base_walk_au_v7
xanim,ai_zombie_base_walk_au_v7_pain_chest_f
xanim,ai_zombie_base_walk_au_v7_pain_chest_f_alt
xanim,ai_zombie_base_walk_au_v8
xanim,ai_zombie_base_walk_au_v8_pain_chest_f
xanim,ai_zombie_base_walk_au_v8_pain_chest_f_alt
xanim,ai_zombie_base_walk_au_win_trav_l_v1
xanim,ai_zombie_base_walk_au_win_trav_m_v1
xanim,ai_zombie_base_walk_au_win_trav_m_v2
xanim,ai_zombie_base_walk_au_win_trav_m_v3
xanim,ai_zombie_base_walk_au_win_trav_r_v1
xanim,ai_zombie_base_walk_turn_135_l_v3
xanim,ai_zombie_base_walk_turn_135_r_v2
xanim,ai_zombie_base_walk_turn_180_l_v3
xanim,ai_zombie_base_walk_turn_180_r_v3
xanim,ai_zombie_base_walk_turn_45_l_v2
xanim,ai_zombie_base_walk_turn_45_r_v2
xanim,ai_zombie_base_walk_turn_90_l_v2
xanim,ai_zombie_base_walk_turn_90_r_v2
xanim,ai_zombie_base_win_attack_arm_l_out
xanim,ai_zombie_base_win_attack_arm_r_out
xanim,ai_zombie_crawl_dr_jump_down_72
xanim,ai_zombie_crawl_dr_jump_down_96
xanim,ai_zombie_dr_crawl_jump_down_127
xanim,ai_zombie_dr_crawl_jump_down_184
xanim,ai_zombie_dr_crawl_jump_down_190
xanim,ai_zombie_dr_crawl_jump_up_2_climb
xanim,ai_zombie_dr_jump_down_127
xanim,ai_zombie_dr_jump_down_184
xanim,ai_zombie_dr_jump_down_190
xanim,ai_zombie_dr_jump_down_72
xanim,ai_zombie_dr_jump_down_96
xanim,ai_zombie_dr_jump_up_2_climb
xanim,ai_zombie_zod_crawl_stunned_electrobolt_a
xanim,ai_zombie_zod_crawl_stunned_electrobolt_b
xanim,ai_zombie_zod_crawl_stunned_electrobolt_c
xanim,ai_zombie_zod_crawl_stunned_electrobolt_d
xanim,ai_zombie_zod_crawl_stunned_electrobolt_e
xanim,ai_zombie_zod_stunned_electrobolt_a
xanim,ai_zombie_zod_stunned_electrobolt_b
xanim,ai_zombie_zod_stunned_electrobolt_c
xanim,ai_zombie_zod_stunned_electrobolt_d
xanim,ai_zombie_zod_stunned_electrobolt_e
xanim,bo3_ai_zombie_taunts_4
xanim,o_zombie_base_packapunch_flag_down
xanim,o_zombie_base_packapunch_flag_up
xanim,o_zombie_base_packapunch_poweron
xanim,o_zombie_base_packapunch_working_eject_gun
xanim,o_zombie_base_packapunch_working_loop
xanim,o_zombie_base_packapunch_working_take_gun
xanim,o_zombie_base_packapunch_worldguns_ejected
xanim,o_zombie_base_packapunch_worldguns_taken
xanim,o_zombie_board_1_pull
xanim,o_zombie_board_1_repair
xanim,o_zombie_board_2_pull
xanim,o_zombie_board_2_repair
xanim,o_zombie_board_3_pull
xanim,o_zombie_board_3_repair
xanim,o_zombie_board_4_pull
xanim,o_zombie_board_4_repair
xanim,o_zombie_board_5_pull
xanim,o_zombie_board_5_repair
xanim,o_zombie_board_6_pull
xanim,o_zombie_board_6_repair
xanim,rtrg_ai_zm_dlc1_zombie_run_lowg_v1
xanim,rtrg_ai_zm_dlc1_zombie_run_lowg_v2
xanim,rtrg_ai_zm_dlc1_zombie_run_lowg_v3
xanim,rtrg_ai_zm_dlc1_zombie_run_lowg_v4
xanim,rtrg_ai_zm_dlc1_zombie_sprint_lowg_v1
xanim,rtrg_ai_zm_dlc1_zombie_sprint_lowg_v2
xanim,rtrg_ai_zm_dlc1_zombie_sprint_lowg_v3
xanim,rtrg_ai_zm_dlc1_zombie_sprint_lowg_v4
xanim,rtrg_ai_zm_dlc1_zombie_walk_lowg_v1
xanim,rtrg_ai_zm_dlc1_zombie_walk_lowg_v2
xanim,rtrg_ai_zm_dlc1_zombie_walk_lowg_v3
xanim,rtrg_ai_zm_dlc1_zombie_walk_lowg_v4
xanim,vm_wardog_t7_perk_bottle_ads_down
xanim,vm_wardog_t7_perk_bottle_ads_up
xanim,vm_wardog_t7_perk_bottle_drink
xanim,vm_wardog_t7_perk_bottle_idle
xmodel,c_zom_der_zombie_body1_g_behead
xmodel,c_zom_der_zombie_body1_g_blegsoff
xmodel,c_zom_der_zombie_body1_g_llegoff
xmodel,c_zom_der_zombie_body1_g_lowclean
xmodel,c_zom_der_zombie_body1_g_rlegoff
xmodel,c_zom_der_zombie_body2
xmodel,c_zom_der_zombie_body2_g_behead
xmodel,c_zom_der_zombie_body2_g_blegsoff
xmodel,c_zom_der_zombie_body2_g_larmoff
xmodel,c_zom_der_zombie_body2_g_llegoff
xmodel,c_zom_der_zombie_body2_g_lowclean
xmodel,c_zom_der_zombie_body2_g_rarmoff
xmodel,c_zom_der_zombie_body2_g_rlegoff
xmodel,c_zom_der_zombie_body2_g_upclean
xmodel,c_zom_der_zombie_head1
xmodel,c_zom_der_zombie_head2
xmodel,c_zom_der_zombie_head3
xmodel,c_zom_der_zombie_helmet1
xmodel,c_zom_zod_zombie_fem_body1_g_larmspawn
xmodel,c_zom_zod_zombie_fem_body1_g_llegspawn
xmodel,c_zom_zod_zombie_fem_body1_g_rarmspawn
xmodel,c_zom_zod_zombie_fem_body1_g_rlegspawn
xmodel,cz_vending_dying_wish
xmodel,p6_anim_zm_barricade_board_01_upgrade
xmodel,p6_anim_zm_barricade_board_02_upgrade
xmodel,p6_anim_zm_barricade_board_03_upgrade
xmodel,p6_anim_zm_barricade_board_04_upgrade
xmodel,p6_anim_zm_barricade_board_05_upgrade
xmodel,p6_anim_zm_barricade_board_06_upgrade
xmodel,p7_anim_zm_barricade_board_01
xmodel,p7_anim_zm_barricade_board_02
xmodel,p7_anim_zm_barricade_board_03
xmodel,p7_anim_zm_barricade_board_04
xmodel,p7_anim_zm_barricade_board_05
xmodel,p7_anim_zm_barricade_board_06
xmodel,p7_cai_chair_wood
xmodel,p7_cai_table_base_cafe_01
xmodel,p7_cai_table_cafe_01
xmodel,p7_cinder_block
xmodel,p7_fan_electric_table_dirty
xmodel,p7_zm_der2_vending_packapunch_sign_wait
xmodel,p7_zm_der_pswitch_body
xmodel,p7_zm_der_pswitch_handle
xmodel,p7_zm_vending_doubletap2
xmodel,p7_zm_vending_jugg
xmodel,p7_zm_vending_marathon
xmodel,p7_zm_vending_packapunch
xmodel,p7_zm_vending_packapunch_on
xmodel,p7_zm_vending_packapunch_weapon
xmodel,p7_zm_vending_revive
xmodel,p7_zm_vending_sleight
xmodel,p7_zm_vending_three_gun
xmodel,p7_zm_vending_widows_wine
xmodel,skybox_default_black
xmodel,skybox_default_day
xmodel,wardog_t6_perk_machine_cherry
xmodel,wardog_t6_perk_machine_cherry_on
xmodel,wardog_t6_perk_machine_tombstone
xmodel,wardog_t6_perk_machine_tombstone_on
xmodel,wardog_t6_perk_machine_vulture
xmodel,wardog_t6_perk_machine_vulture_on
xmodel,wardog_t6_perk_machine_whos
xmodel,wardog_t6_perk_machine_whos_on
xmodel,wardog_t6_powerup_tombstone
xmodel,wardog_t6_powerup_vulture_ammo
xmodel,wardog_t6_powerup_vulture_points
xmodel,wardog_t7_perk_bottle_cherry_view
xmodel,wardog_t7_perk_bottle_cherry_world
xmodel,wardog_t7_perk_bottle_deadshot_view
xmodel,wardog_t7_perk_bottle_deadshot_world
xmodel,wardog_t7_perk_bottle_dtap_view
xmodel,wardog_t7_perk_bottle_dtap_world
xmodel,wardog_t7_perk_bottle_jugg_view
xmodel,wardog_t7_perk_bottle_jugg_world
xmodel,wardog_t7_perk_bottle_mule_view
xmodel,wardog_t7_perk_bottle_mule_world
xmodel,wardog_t7_perk_bottle_phd_view
xmodel,wardog_t7_perk_bottle_phd_world
xmodel,wardog_t7_perk_bottle_revive_view
xmodel,wardog_t7_perk_bottle_revive_world
xmodel,wardog_t7_perk_bottle_speed_view
xmodel,wardog_t7_perk_bottle_speed_world
xmodel,wardog_t7_perk_bottle_stamin_view
xmodel,wardog_t7_perk_bottle_tombstone_view
xmodel,wardog_t7_perk_bottle_tombstone_world
xmodel,wardog_t7_perk_bottle_view
xmodel,wardog_t7_perk_bottle_vulture_view
xmodel,wardog_t7_perk_bottle_vulture_world
xmodel,wardog_t7_perk_bottle_whos_view
xmodel,wardog_t7_perk_bottle_whos_world
xmodel,wardog_t7_perk_bottle_widow_view
xmodel,wardog_t7_perk_bottle_widow_world
xmodel,wardog_t7_perk_bottle_world
xmodel,wardog_t7_perk_machine_phd
xmodel,wardog_t7_perk_machine_phd_on
xmodel,wpn_t7_zmb_perk_bottle_dying_wish_world
xmodelmesh,c_zom_der_head_1_lod07552e3d7
xmodelmesh,c_zom_der_head_1_lod17b771400
xmodelmesh,c_zom_der_head_1_lod22a74f240
xmodelmesh,c_zom_der_head_1_lod3e650584c
xmodelmesh,c_zom_der_head_1_lod4c1179c01
xmodelmesh,c_zom_der_head_1_lod5943b21d9
xmodelmesh,c_zom_der_head_1_lod6229e2b02
xmodelmesh,c_zom_der_head_2_lod0c8b48a35
xmodelmesh,c_zom_der_head_2_lod1177e7cdd
xmodelmesh,c_zom_der_head_2_lod2900ea178
xmodelmesh,c_zom_der_head_2_lod367983df6
xmodelmesh,c_zom_der_head_2_lod410b5a201
xmodelmesh,c_zom_der_head_2_lod51fd00a8a
xmodelmesh,c_zom_der_head_2_lod66291cdde
xmodelmesh,c_zom_der_head_3_lod054897ad0
xmodelmesh,c_zom_der_head_3_lod14fa358f7
xmodelmesh,c_zom_der_head_3_lod22700a248
xmodelmesh,c_zom_der_head_3_lod3a9afee46
xmodelmesh,c_zom_der_head_3_lod4e605e8d0
xmodelmesh,c_zom_der_head_3_lod53d40255c
xmodelmesh,c_zom_der_head_3_lod6b8e32972
xmodelmesh,c_zom_der_helmet_1_lod0c32b1d6c
xmodelmesh,c_zom_der_helmet_1_lod1cc9d111
xmodelmesh,c_zom_der_helmet_1_lod275993693
xmodelmesh,c_zom_der_helmet_1_lod3cd13d004
xmodelmesh,c_zom_der_helmet_1_lod440e19ebe
xmodelmesh,c_zom_der_helmet_1_lod55a672d53
xmodelmesh,c_zom_der_helmet_1_lod6b584e3ce
xmodelmesh,c_zom_der_zombie_body1_g_behead_lod0d7f0846c
xmodelmesh,c_zom_der_zombie_body1_g_behead_lod173bede7d
xmodelmesh,c_zom_der_zombie_body1_g_behead_lod2e0f4e454
xmodelmesh,c_zom_der_zombie_body1_g_behead_lod373e83067
xmodelmesh,c_zom_der_zombie_body1_g_behead_lod4e68ab97e
xmodelmesh,c_zom_der_zombie_body1_g_behead_lod586d08846
xmodelmesh,c_zom_der_zombie_body1_g_behead_lod6cfec6cba
xmodelmesh,c_zom_der_zombie_body1_g_blegsoff_lod028e897ab
xmodelmesh,c_zom_der_zombie_body1_g_blegsoff_lod19524f698
xmodelmesh,c_zom_der_zombie_body1_g_blegsoff_lod26f0a12a7
xmodelmesh,c_zom_der_zombie_body1_g_blegsoff_lod3776ad7c0
xmodelmesh,c_zom_der_zombie_body1_g_blegsoff_lod4e6f7b2a0
xmodelmesh,c_zom_der_zombie_body1_g_blegsoff_lod52a8483e9
xmodelmesh,c_zom_der_zombie_body1_g_blegsoff_lod6d37207be
xmodelmesh,c_zom_der_zombie_body1_g_llegoff_lod09befef1e
xmodelmesh,c_zom_der_zombie_body1_g_llegoff_lod1692bb2a1
xmodelmesh,c_zom_der_zombie_body1_g_llegoff_lod2f7127018
xmodelmesh,c_zom_der_zombie_body1_g_llegoff_lod32993a276
xmodelmesh,c_zom_der_zombie_body1_g_llegoff_lod472b7e0e
xmodelmesh,c_zom_der_zombie_body1_g_llegoff_lod514b66699
xmodelmesh,c_zom_der_zombie_body1_g_llegoff_lod67f9aa231
xmodelmesh,c_zom_der_zombie_body1_g_lowclean_lod05d3964f8
xmodelmesh,c_zom_der_zombie_body1_g_lowclean_lod1d5459dbe
xmodelmesh,c_zom_der_zombie_body1_g_lowclean_lod2118693d3
xmodelmesh,c_zom_der_zombie_body1_g_lowclean_lod330d513fe
xmodelmesh,c_zom_der_zombie_body1_g_lowclean_lod41da35f97
xmodelmesh,c_zom_der_zombie_body1_g_lowclean_lod517213356
xmodelmesh,c_zom_der_zombie_body1_g_lowclean_lod6fa3102be
xmodelmesh,c_zom_der_zombie_body1_g_rlegoff_lod0db873496
xmodelmesh,c_zom_der_zombie_body1_g_rlegoff_lod1c39344cc
xmodelmesh,c_zom_der_zombie_body1_g_rlegoff_lod27cd40052
xmodelmesh,c_zom_der_zombie_body1_g_rlegoff_lod38bc72a63
xmodelmesh,c_zom_der_zombie_body1_g_rlegoff_lod4b95a1e19
xmodelmesh,c_zom_der_zombie_body1_g_rlegoff_lod5cb3b0646
xmodelmesh,c_zom_der_zombie_body1_g_rlegoff_lod659e69f26
xmodelmesh,c_zom_der_zombie_body2_g_behead_lod010ea455a
xmodelmesh,c_zom_der_zombie_body2_g_behead_lod1f439b647
xmodelmesh,c_zom_der_zombie_body2_g_behead_lod229208994
xmodelmesh,c_zom_der_zombie_body2_g_behead_lod35d09dd7e
xmodelmesh,c_zom_der_zombie_body2_g_behead_lod4adfd81c9
xmodelmesh,c_zom_der_zombie_body2_g_behead_lod592058fd9
xmodelmesh,c_zom_der_zombie_body2_g_behead_lod633e7b02c
xmodelmesh,c_zom_der_zombie_body2_g_blegsoff_lod01ffc0dd6
xmodelmesh,c_zom_der_zombie_body2_g_blegsoff_lod1365920cf
xmodelmesh,c_zom_der_zombie_body2_g_blegsoff_lod27f4952d3
xmodelmesh,c_zom_der_zombie_body2_g_blegsoff_lod3ddb198f9
xmodelmesh,c_zom_der_zombie_body2_g_blegsoff_lod4b5d88c29
xmodelmesh,c_zom_der_zombie_body2_g_blegsoff_lod5c35191e1
xmodelmesh,c_zom_der_zombie_body2_g_blegsoff_lod6fec7049e
xmodelmesh,c_zom_der_zombie_body2_g_larmoff_lod081b28073
xmodelmesh,c_zom_der_zombie_body2_g_larmoff_lod1c3f3b9ed
xmodelmesh,c_zom_der_zombie_body2_g_larmoff_lod25ae69e7
xmodelmesh,c_zom_der_zombie_body2_g_larmoff_lod3ae55bc96
xmodelmesh,c_zom_der_zombie_body2_g_larmoff_lod4d021f8b9
xmodelmesh,c_zom_der_zombie_body2_g_larmoff_lod54bc08c33
xmodelmesh,c_zom_der_zombie_body2_g_larmoff_lod611a802c9
xmodelmesh,c_zom_der_zombie_body2_g_llegoff_lod081901a33
xmodelmesh,c_zom_der_zombie_body2_g_llegoff_lod16b31acae
xmodelmesh,c_zom_der_zombie_body2_g_llegoff_lod26f41bbce
xmodelmesh,c_zom_der_zombie_body2_g_llegoff_lod3b27e2b15
xmodelmesh,c_zom_der_zombie_body2_g_llegoff_lod4501501a8
xmodelmesh,c_zom_der_zombie_body2_g_llegoff_lod51fe99774
xmodelmesh,c_zom_der_zombie_body2_g_llegoff_lod6a21441c3
xmodelmesh,c_zom_der_zombie_body2_g_lowclean_lod0cd620c1c
xmodelmesh,c_zom_der_zombie_body2_g_lowclean_lod1c0634905
xmodelmesh,c_zom_der_zombie_body2_g_lowclean_lod2fda2a6ea
xmodelmesh,c_zom_der_zombie_body2_g_lowclean_lod364af3fa9
xmodelmesh,c_zom_der_zombie_body2_g_lowclean_lod42f32ddfb
xmodelmesh,c_zom_der_zombie_body2_g_lowclean_lod5bcac4582
xmodelmesh,c_zom_der_zombie_body2_g_lowclean_lod69154bfa3
xmodelmesh,c_zom_der_zombie_body2_g_rarmoff_lod0eb7c587f
xmodelmesh,c_zom_der_zombie_body2_g_rarmoff_lod1b213be08
xmodelmesh,c_zom_der_zombie_body2_g_rarmoff_lod2bc7fae3e
xmodelmesh,c_zom_der_zombie_body2_g_rarmoff_lod3968192d5
xmodelmesh,c_zom_der_zombie_body2_g_rarmoff_lod47cf4ad5c
xmodelmesh,c_zom_der_zombie_body2_g_rarmoff_lod51d65bb91
xmodelmesh,c_zom_der_zombie_body2_g_rarmoff_lod6decb6687
xmodelmesh,c_zom_der_zombie_body2_g_rlegoff_lod0ff39e779
xmodelmesh,c_zom_der_zombie_body2_g_rlegoff_lod19214c0d0
xmodelmesh,c_zom_der_zombie_body2_g_rlegoff_lod27b186e2f
xmodelmesh,c_zom_der_zombie_body2_g_rlegoff_lod3e6d99ea9
xmodelmesh,c_zom_der_zombie_body2_g_rlegoff_lod4f6abfafb
xmodelmesh,c_zom_der_zombie_body2_g_rlegoff_lod52ab33a06
xmodelmesh,c_zom_der_zombie_body2_g_rlegoff_lod6760fa259
xmodelmesh,c_zom_der_zombie_body2_g_upclean_lod0ae31c5f0
xmodelmesh,c_zom_der_zombie_body2_g_upclean_lod15dd11b40
xmodelmesh,c_zom_der_zombie_body2_g_upclean_lod28bd32b62
xmodelmesh,c_zom_der_zombie_body2_g_upclean_lod3393e0449
xmodelmesh,c_zom_der_zombie_body2_g_upclean_lod480e47024
xmodelmesh,c_zom_der_zombie_body2_g_upclean_lod55a397dd2
xmodelmesh,c_zom_der_zombie_body2_g_upclean_lod6e453bc68
xmodelmesh,c_zom_der_zombie_body2_lod0625bcf45
xmodelmesh,c_zom_der_zombie_body2_lod1e0ffb6c2
xmodelmesh,c_zom_der_zombie_body2_lod2be130d8a
xmodelmesh,c_zom_der_zombie_body2_lod344dafc87
xmodelmesh,c_zom_der_zombie_body2_lod4a9a1848d
xmodelmesh,c_zom_der_zombie_body2_lod5a94cdd4d
xmodelmesh,c_zom_der_zombie_body2_lod6476855ed
xmodelmesh,c_zom_zod_zombie_fem_body1_g_larmspawn_lod0504c0b52
xmodelmesh,c_zom_zod_zombie_fem_body1_g_larmspawn_lod0539c617e
xmodelmesh,c_zom_zod_zombie_fem_body1_g_larmspawn_lod0567f2c88
xmodelmesh,c_zom_zod_zombie_fem_body1_g_larmspawn_lod06611811f
xmodelmesh,c_zom_zod_zombie_fem_body1_g_larmspawn_lod071ee3647
xmodelmesh,c_zom_zod_zombie_fem_body1_g_larmspawn_lod0b5e99667
xmodelmesh,c_zom_zod_zombie_fem_body1_g_larmspawn_lod0e0592c13
xmodelmesh,c_zom_zod_zombie_fem_body1_g_larmspawn_lod0f35667dd
xmodelmesh,c_zom_zod_zombie_fem_body1_g_llegspawn_lod02a259e13
xmodelmesh,c_zom_zod_zombie_fem_body1_g_llegspawn_lod034c88b59
xmodelmesh,c_zom_zod_zombie_fem_body1_g_llegspawn_lod041c78fa2
xmodelmesh,c_zom_zod_zombie_fem_body1_g_llegspawn_lod044d1d262
xmodelmesh,c_zom_zod_zombie_fem_body1_g_llegspawn_lod056fb478
xmodelmesh,c_zom_zod_zombie_fem_body1_g_llegspawn_lod0cb3aa1bd
xmodelmesh,c_zom_zod_zombie_fem_body1_g_llegspawn_lod0d8f17acf
xmodelmesh,c_zom_zod_zombie_fem_body1_g_llegspawn_lod0ed640c28
xmodelmesh,c_zom_zod_zombie_fem_body1_g_rarmspawn_lod015c23f93
xmodelmesh,c_zom_zod_zombie_fem_body1_g_rarmspawn_lod02f5eed13
xmodelmesh,c_zom_zod_zombie_fem_body1_g_rarmspawn_lod05223ef7a
xmodelmesh,c_zom_zod_zombie_fem_body1_g_rarmspawn_lod075527b40
xmodelmesh,c_zom_zod_zombie_fem_body1_g_rarmspawn_lod08155b704
xmodelmesh,c_zom_zod_zombie_fem_body1_g_rarmspawn_lod08fd8a2fc
xmodelmesh,c_zom_zod_zombie_fem_body1_g_rarmspawn_lod0be021e3f
xmodelmesh,c_zom_zod_zombie_fem_body1_g_rarmspawn_lod0cc3184d5
xmodelmesh,c_zom_zod_zombie_fem_body1_g_rlegspawn_lod01414fc82
xmodelmesh,c_zom_zod_zombie_fem_body1_g_rlegspawn_lod019d1b9e0
xmodelmesh,c_zom_zod_zombie_fem_body1_g_rlegspawn_lod03da2116b
xmodelmesh,c_zom_zod_zombie_fem_body1_g_rlegspawn_lod053f29eef
xmodelmesh,c_zom_zod_zombie_fem_body1_g_rlegspawn_lod0c5acd6f
xmodelmesh,c_zom_zod_zombie_fem_body1_g_rlegspawn_lod0c7aec304
xmodelmesh,c_zom_zod_zombie_fem_body1_g_rlegspawn_lod0d0f95c7e
xmodelmesh,c_zom_zod_zombie_fem_body1_g_rlegspawn_lod0e81c06d8
xmodelmesh,cz_vending_dying_wish8bbec96d
xmodelmesh,p6_anim_zm_barricade_board_01_upgrade_lod05874aac2
xmodelmesh,p6_anim_zm_barricade_board_01_upgrade_lod17444bd68
xmodelmesh,p6_anim_zm_barricade_board_01_upgrade_lod2785e9a20
xmodelmesh,p6_anim_zm_barricade_board_02_upgrade_lod08f751df3
xmodelmesh,p6_anim_zm_barricade_board_02_upgrade_lod1ea3323ef
xmodelmesh,p6_anim_zm_barricade_board_02_upgrade_lod2676d82b2
xmodelmesh,p6_anim_zm_barricade_board_03_upgrade_lod02976caf3
xmodelmesh,p6_anim_zm_barricade_board_03_upgrade_lod1f8fe4790
xmodelmesh,p6_anim_zm_barricade_board_03_upgrade_lod25e7845a0
xmodelmesh,p6_anim_zm_barricade_board_04_upgrade_lod09f027b1c
xmodelmesh,p6_anim_zm_barricade_board_04_upgrade_lod1e4b02287
xmodelmesh,p6_anim_zm_barricade_board_04_upgrade_lod2b8bb9c80
xmodelmesh,p6_anim_zm_barricade_board_05_upgrade_lod05874aac2
xmodelmesh,p6_anim_zm_barricade_board_05_upgrade_lod17444bd68
xmodelmesh,p6_anim_zm_barricade_board_05_upgrade_lod2785e9a20
xmodelmesh,p6_anim_zm_barricade_board_06_upgrade_lod09f027b1c
xmodelmesh,p6_anim_zm_barricade_board_06_upgrade_lod1e4b02287
xmodelmesh,p6_anim_zm_barricade_board_06_upgrade_lod2b8bb9c80
xmodelmesh,p7_anim_zm_barricade_board_01_cole0f4e1d7
xmodelmesh,p7_anim_zm_barricade_board_01_lod0412080cf
xmodelmesh,p7_anim_zm_barricade_board_01_lod07626f791
xmodelmesh,p7_anim_zm_barricade_board_01_lod076cf1ef
xmodelmesh,p7_anim_zm_barricade_board_01_lod080d2d065
xmodelmesh,p7_anim_zm_barricade_board_01_lod08c31ae6e
xmodelmesh,p7_anim_zm_barricade_board_01_lod0bc86ed6b
xmodelmesh,p7_anim_zm_barricade_board_01_lod0db85d7d7
xmodelmesh,p7_anim_zm_barricade_board_01_lod0eadb8602
xmodelmesh,p7_anim_zm_barricade_board_02_col579fb52f
xmodelmesh,p7_anim_zm_barricade_board_02_lod014b845ac
xmodelmesh,p7_anim_zm_barricade_board_02_lod0491df694
xmodelmesh,p7_anim_zm_barricade_board_02_lod04fcaf952
xmodelmesh,p7_anim_zm_barricade_board_02_lod05e09503c
xmodelmesh,p7_anim_zm_barricade_board_02_lod0604c4d57
xmodelmesh,p7_anim_zm_barricade_board_02_lod06d33a86a
xmodelmesh,p7_anim_zm_barricade_board_02_lod0f2a4a649
xmodelmesh,p7_anim_zm_barricade_board_03_col13e5e318
xmodelmesh,p7_anim_zm_barricade_board_03_lod017d3dfbc
xmodelmesh,p7_anim_zm_barricade_board_03_lod01892047
xmodelmesh,p7_anim_zm_barricade_board_03_lod0790338f9
xmodelmesh,p7_anim_zm_barricade_board_03_lod0c46edce2
xmodelmesh,p7_anim_zm_barricade_board_03_lod0cbe10f4f
xmodelmesh,p7_anim_zm_barricade_board_03_lod0e436a2ad
xmodelmesh,p7_anim_zm_barricade_board_03_lod0fae16b96
xmodelmesh,p7_anim_zm_barricade_board_04_colda1f5f44
xmodelmesh,p7_anim_zm_barricade_board_04_lod01e93d5f
xmodelmesh,p7_anim_zm_barricade_board_04_lod05fa4f805
xmodelmesh,p7_anim_zm_barricade_board_04_lod06f193cd1
xmodelmesh,p7_anim_zm_barricade_board_04_lod0868fcf4e
xmodelmesh,p7_anim_zm_barricade_board_04_lod08bec52e8
xmodelmesh,p7_anim_zm_barricade_board_04_lod0bb3edfb6
xmodelmesh,p7_anim_zm_barricade_board_04_lod0f3b15342
xmodelmesh,p7_anim_zm_barricade_board_04_lod0fcb92db7
xmodelmesh,p7_anim_zm_barricade_board_05_col16c1373
xmodelmesh,p7_anim_zm_barricade_board_05_lod036c33cfe
xmodelmesh,p7_anim_zm_barricade_board_05_lod0535cbe9f
xmodelmesh,p7_anim_zm_barricade_board_05_lod0543f9a9a
xmodelmesh,p7_anim_zm_barricade_board_05_lod097777f8b
xmodelmesh,p7_anim_zm_barricade_board_05_lod09bc63c35
xmodelmesh,p7_anim_zm_barricade_board_05_lod0c0d9e76c
xmodelmesh,p7_anim_zm_barricade_board_05_lod0c7707369
xmodelmesh,p7_anim_zm_barricade_board_06_col77485ff6
xmodelmesh,p7_anim_zm_barricade_board_06_lod010010904
xmodelmesh,p7_anim_zm_barricade_board_06_lod036ecd2a1
xmodelmesh,p7_anim_zm_barricade_board_06_lod059c20517
xmodelmesh,p7_anim_zm_barricade_board_06_lod08f8bba21
xmodelmesh,p7_anim_zm_barricade_board_06_lod0ae9daec0
xmodelmesh,p7_anim_zm_barricade_board_06_lod0cfc142cf
xmodelmesh,p7_anim_zm_barricade_board_06_lod0f4c004fa
xmodelmesh,p7_cai_chair_wood_cola642f95b
xmodelmesh,p7_cai_chair_wood_lod05ec8ce8c
xmodelmesh,p7_cai_chair_wood_lod17e976004
xmodelmesh,p7_cai_chair_wood_lod23b476a11
xmodelmesh,p7_cai_chair_wood_lod345fa6c71
xmodelmesh,p7_cai_chair_wood_lod467060699
xmodelmesh,p7_cai_table_base_cafe_01_col304449a0
xmodelmesh,p7_cai_table_base_cafe_01_lod096dd1eb6
xmodelmesh,p7_cai_table_base_cafe_01_lod136d2a9ac
xmodelmesh,p7_cai_table_base_cafe_01_lod2516d9a32
xmodelmesh,p7_cai_table_base_cafe_01_lod393c41dae
xmodelmesh,p7_cai_table_base_cafe_01_lod46aed9466
xmodelmesh,p7_cai_table_base_cafe_01_lod5a1f88afd
xmodelmesh,p7_cai_table_base_cafe_01_lod6342335d
xmodelmesh,p7_cai_table_base_cafe_01_lod74d90d7b0
xmodelmesh,p7_cai_table_cafe_01_colf4f50056
xmodelmesh,p7_cai_table_cafe_01_lod01f821f7e
xmodelmesh,p7_cai_table_cafe_01_lod1c6420199
xmodelmesh,p7_cai_table_cafe_01_lod25db00dae
xmodelmesh,p7_cai_table_cafe_01_lod38fd37d4f
xmodelmesh,p7_cai_table_cafe_01_lod4d602339f
xmodelmesh,p7_cai_table_cafe_01_lod5fa87e232
xmodelmesh,p7_cai_table_cafe_01_lod628fa475
xmodelmesh,p7_cai_table_cafe_01_lod793af8428
xmodelmesh,p7_cinder_block_lod0b4418509
xmodelmesh,p7_cinder_block_lod1b38eb3c5
xmodelmesh,p7_cinder_block_lod24d9945c2
xmodelmesh,p7_cinder_block_lod26133b898
xmodelmesh,p7_cinder_block_lod27dc31bbd
xmodelmesh,p7_cinder_block_lod2c5f233b5
xmodelmesh,p7_fan_electric_table_col2df00088
xmodelmesh,p7_fan_electric_table_lod08ade2427
xmodelmesh,p7_fan_electric_table_lod1ce83ff93
xmodelmesh,p7_fan_electric_table_lod2c748e49c
xmodelmesh,p7_fan_electric_table_lod3c72ad3ab
xmodelmesh,p7_fan_electric_table_lod4b431cd9f
xmodelmesh,p7_fan_electric_table_lod52519159d
xmodelmesh,p7_fan_electric_table_lod6ba62ae09
xmodelmesh,p7_fan_electric_table_lod7d8b30506
xmodelmesh,p7_zm_der2_vending_packapunch_sign_wait_lod012e8b576
xmodelmesh,p7_zm_der2_vending_packapunch_sign_wait_lod0a262e7d3
xmodelmesh,p7_zm_der2_vending_packapunch_sign_wait_lod0a704097c
xmodelmesh,p7_zm_der_pswitch_body_lod01d89a5ff
xmodelmesh,p7_zm_der_pswitch_body_lod0324925aa
xmodelmesh,p7_zm_der_pswitch_body_lod03574d976
xmodelmesh,p7_zm_der_pswitch_body_lod05296e5de
xmodelmesh,p7_zm_der_pswitch_body_lod05e5bfa9f
xmodelmesh,p7_zm_der_pswitch_body_lod07da53bd6
xmodelmesh,p7_zm_der_pswitch_body_lod08f16cbc
xmodelmesh,p7_zm_der_pswitch_body_lod0c02f5a4a
xmodelmesh,p7_zm_der_pswitch_handle_lod0250846ac
xmodelmesh,p7_zm_der_pswitch_handle_lod063410b3d
xmodelmesh,p7_zm_der_pswitch_handle_lod066495e4b
xmodelmesh,p7_zm_der_pswitch_handle_lod077a229ac
xmodelmesh,p7_zm_der_pswitch_handle_lod09e863e5e
xmodelmesh,p7_zm_der_pswitch_handle_lod0cee74aa4
xmodelmesh,p7_zm_der_pswitch_handle_lod0d4f6da1f
xmodelmesh,p7_zm_der_pswitch_handle_lod0d75f8d9e
xmodelmesh,p7_zm_vending_doubletap2_col47a05720
xmodelmesh,p7_zm_vending_doubletap2_lod010360056
xmodelmesh,p7_zm_vending_doubletap2_lod015939e34
xmodelmesh,p7_zm_vending_doubletap2_lod02498e335
xmodelmesh,p7_zm_vending_doubletap2_lod09c39bdf2
xmodelmesh,p7_zm_vending_doubletap2_lod0da54e47e
xmodelmesh,p7_zm_vending_doubletap2_lod0eaba08c6
xmodelmesh,p7_zm_vending_doubletap2_lod0ecd1836a
xmodelmesh,p7_zm_vending_doubletap2_lod0fac91c2b
xmodelmesh,p7_zm_vending_jugg_col48d2a3bb
xmodelmesh,p7_zm_vending_jugg_lod02eaf979
xmodelmesh,p7_zm_vending_jugg_lod0404ddd6f
xmodelmesh,p7_zm_vending_jugg_lod05ba57edf
xmodelmesh,p7_zm_vending_jugg_lod06bd2c4d8
xmodelmesh,p7_zm_vending_jugg_lod07a0de288
xmodelmesh,p7_zm_vending_jugg_lod07e99380b
xmodelmesh,p7_zm_vending_jugg_lod0da10f0c3
xmodelmesh,p7_zm_vending_jugg_lod0db4f25d2
xmodelmesh,p7_zm_vending_marathon_col3b936f72
xmodelmesh,p7_zm_vending_marathon_lod08e8f156f
xmodelmesh,p7_zm_vending_marathon_lod111ca7a72
xmodelmesh,p7_zm_vending_marathon_lod266e5c2b3
xmodelmesh,p7_zm_vending_marathon_lod370fbaeff
xmodelmesh,p7_zm_vending_marathon_lod459075dfc
xmodelmesh,p7_zm_vending_marathon_lod56ff2471c
xmodelmesh,p7_zm_vending_marathon_lod689a1ec00
xmodelmesh,p7_zm_vending_marathon_lod74cceb73d
xmodelmesh,p7_zm_vending_packapunch_lod0154ac890
xmodelmesh,p7_zm_vending_packapunch_lod053be907d
xmodelmesh,p7_zm_vending_packapunch_lod06728f20b
xmodelmesh,p7_zm_vending_packapunch_lod0695684a2
xmodelmesh,p7_zm_vending_packapunch_lod0a8ad376e
xmodelmesh,p7_zm_vending_packapunch_lod0c57e5236
xmodelmesh,p7_zm_vending_packapunch_lod0e27f6c62
xmodelmesh,p7_zm_vending_packapunch_lod0fe3f6618
xmodelmesh,p7_zm_vending_packapunch_weapon_lod02b8eda8
xmodelmesh,p7_zm_vending_pap_body_col75e90a9
xmodelmesh,p7_zm_vending_revive_col3b1bd790
xmodelmesh,p7_zm_vending_revive_lod05ba67194
xmodelmesh,p7_zm_vending_revive_lod06284a3dc
xmodelmesh,p7_zm_vending_revive_lod0897d5e07
xmodelmesh,p7_zm_vending_revive_lod08fc2594c
xmodelmesh,p7_zm_vending_revive_lod0aa852ee1
xmodelmesh,p7_zm_vending_revive_lod0ac366128
xmodelmesh,p7_zm_vending_revive_lod0c1603844
xmodelmesh,p7_zm_vending_revive_lod0c415bf00
xmodelmesh,p7_zm_vending_sleight_cold8136242
xmodelmesh,p7_zm_vending_sleight_lod043ff0c93
xmodelmesh,p7_zm_vending_sleight_lod0485920bc
xmodelmesh,p7_zm_vending_sleight_lod0635d3eef
xmodelmesh,p7_zm_vending_sleight_lod0895e4aca
xmodelmesh,p7_zm_vending_sleight_lod0a839b021
xmodelmesh,p7_zm_vending_sleight_lod0ec61fd83
xmodelmesh,p7_zm_vending_sleight_lod0f41ad89a
xmodelmesh,p7_zm_vending_sleight_lod0fb62ab5a
xmodelmesh,p7_zm_vending_three_gun_colf46adf6d
xmodelmesh,p7_zm_vending_three_gun_lod036dbda12
xmodelmesh,p7_zm_vending_three_gun_lod11be694cd
xmodelmesh,p7_zm_vending_three_gun_lod2e046d91
xmodelmesh,p7_zm_vending_three_gun_lod3fe938acc
xmodelmesh,p7_zm_vending_three_gun_lod4a8c0c084
xmodelmesh,p7_zm_vending_three_gun_lod591d1147b
xmodelmesh,p7_zm_vending_three_gun_lod6487cc251
xmodelmesh,p7_zm_vending_three_gun_lod7c213bab4
xmodelmesh,p7_zm_vending_widows_wine_cola962c388
xmodelmesh,p7_zm_vending_widows_wine_lod01988948f
xmodelmesh,p7_zm_vending_widows_wine_lod03625606e
xmodelmesh,p7_zm_vending_widows_wine_lod03fe77de7
xmodelmesh,p7_zm_vending_widows_wine_lod04436929
xmodelmesh,p7_zm_vending_widows_wine_lod0677862af
xmodelmesh,p7_zm_vending_widows_wine_lod08a0b3be
xmodelmesh,p7_zm_vending_widows_wine_lod0a898b8d6
xmodelmesh,p7_zm_vending_widows_wine_lod0b87315e
xmodelmesh,t6_skyboxfb7b39d6
xmodelmesh,wardog_t6_perk_machine_cherry_lod_0b1b294a3
xmodelmesh,wardog_t6_perk_machine_tombstone_lod_05b73d5d
xmodelmesh,wardog_t6_perk_machine_vulture_lod_0fa1f4a40
xmodelmesh,wardog_t6_perk_machine_whos_lod_099fa8f4a
xmodelmesh,wardog_t6_powerup_tombstone_lod_06582e5bb
xmodelmesh,wardog_t6_powerup_vulture_ammo_lod_09ce7ef44
xmodelmesh,wardog_t6_powerup_vulture_points_lod_072d6dd29
xmodelmesh,wardog_t7_perk_bottle_view_lod_094775893
xmodelmesh,wardog_t7_perk_bottle_world_lod_0727de129
xmodelmesh,wardog_t7_perk_machine_phd_lod_031f1391
xmodelmesh,wardog_t7_perk_machine_phd_lod_0e0d30b88
xmodelmesh,wpn_t7_zmb_perk_bottle_lod0c8a9e5d2
xmodelmesh,wpn_t7_zmb_perk_bottle_lod115313d59
xmodelmesh,wpn_t7_zmb_perk_bottle_lod129ca8224
xmodelmesh,wpn_t7_zmb_perk_bottle_lod161a04e2b
xmodelmesh,wpn_t7_zmb_perk_bottle_lod17b86dc0c
xmodelmesh,wpn_t7_zmb_perk_bottle_lod19e101e7b
xmodelmesh,wpn_t7_zmb_perk_bottle_lod1d4e62fe0
xmodelmesh,wpn_t7_zmb_perk_bottle_lod1ff1acbdb
material,ei/gfx_bio_fly_top_lit
material,ei/gfx_bio_fly_top_lit|dup
material,ei/gfx_dust_spike_sm_anim_lit
material,ei/gfx_dust_spike_sm_anim_lit|dup
material,ei/gfx_gel_drops_full_lite_spec|dup
material,ei/gfx_light_ray_spread_streaks_em
material,ei/gfx_light_ray_spread_streaks_em|dup
material,ei/gfx_wardog_t6_vulture_glow
material,ei/gfx_wardog_t6_vulture_glow_cherry
material,ei/gfx_wardog_t6_vulture_glow_cherry|dup
material,ei/gfx_wardog_t6_vulture_glow_chest
material,ei/gfx_wardog_t6_vulture_glow_chest|dup
material,ei/gfx_wardog_t6_vulture_glow_deadshot
material,ei/gfx_wardog_t6_vulture_glow_deadshot|dup
material,ei/gfx_wardog_t6_vulture_glow_dtap
material,ei/gfx_wardog_t6_vulture_glow_dtap|dup
material,ei/gfx_wardog_t6_vulture_glow_fizz
material,ei/gfx_wardog_t6_vulture_glow_fizz|dup
material,ei/gfx_wardog_t6_vulture_glow_gobble
material,ei/gfx_wardog_t6_vulture_glow_gobble|dup
material,ei/gfx_wardog_t6_vulture_glow_jugg
material,ei/gfx_wardog_t6_vulture_glow_jugg|dup
material,ei/gfx_wardog_t6_vulture_glow_mule
material,ei/gfx_wardog_t6_vulture_glow_mule|dup
material,ei/gfx_wardog_t6_vulture_glow_pap
material,ei/gfx_wardog_t6_vulture_glow_pap|dup
material,ei/gfx_wardog_t6_vulture_glow_perk
material,ei/gfx_wardog_t6_vulture_glow_perk|dup
material,ei/gfx_wardog_t6_vulture_glow_phd
material,ei/gfx_wardog_t6_vulture_glow_phd|dup
material,ei/gfx_wardog_t6_vulture_glow_revive
material,ei/gfx_wardog_t6_vulture_glow_revive|dup
material,ei/gfx_wardog_t6_vulture_glow_speed
material,ei/gfx_wardog_t6_vulture_glow_speed|dup
material,ei/gfx_wardog_t6_vulture_glow_stamin
material,ei/gfx_wardog_t6_vulture_glow_stamin|dup
material,ei/gfx_wardog_t6_vulture_glow_tombstone
material,ei/gfx_wardog_t6_vulture_glow_tombstone|dup
material,ei/gfx_wardog_t6_vulture_glow_vulture
material,ei/gfx_wardog_t6_vulture_glow_vulture|dup
material,ei/gfx_wardog_t6_vulture_glow_wallbuy_dyanmic
material,ei/gfx_wardog_t6_vulture_glow_wallbuy_dyanmic|dup
material,ei/gfx_wardog_t6_vulture_glow_wallbuy_static
material,ei/gfx_wardog_t6_vulture_glow_wallbuy_static|dup
material,ei/gfx_wardog_t6_vulture_glow_whos
material,ei/gfx_wardog_t6_vulture_glow_whos|dup
material,ei/gfx_wardog_t6_vulture_glow_widows
material,ei/gfx_wardog_t6_vulture_glow_widows|dup
material,ei/gfx_wardog_t6_vulture_glow|dup
material,luts_t7_default
material,mc/bullet_collision_glass
material,mc/bullet_collision_metalcar
material,mc/bullet_collision_metalthin
material,mc/bullet_collision_wood
material,mc/invisible
material,mc/mtl_c_zom_der_zombie_body1
material,mc/mtl_c_zom_der_zombie_body1_chest
material,mc/mtl_c_zom_der_zombie_body2
material,mc/mtl_c_zom_der_zombie_body2_skin
material,mc/mtl_c_zom_der_zombie_gear_g43pouch
material,mc/mtl_c_zom_der_zombie_gear_k98pouch
material,mc/mtl_c_zom_der_zombie_gear_knife
material,mc/mtl_c_zom_der_zombie_gear_mp40pouch
material,mc/mtl_c_zom_der_zombie_head1
material,mc/mtl_c_zom_der_zombie_head1u
material,mc/mtl_c_zom_der_zombie_head2
material,mc/mtl_c_zom_der_zombie_head3
material,mc/mtl_c_zom_der_zombie_helmet1
material,mc/mtl_c_zom_zod_zombie_fem_body_1_skin
material,mc/mtl_c_zom_zod_zombie_fem_boots
material,mc/mtl_p6_zm_barricade_board_upgrade
material,mc/mtl_p7_cai_chair_wood
material,mc/mtl_p7_cai_table_cafe_01_set_metal_bld
material,mc/mtl_p7_cai_table_cafe_01_set_plastic_bld
material,mc/mtl_p7_cai_table_cafe_dirt
material,mc/mtl_p7_cinder_block
material,mc/mtl_p7_fan_electric_dirty
material,mc/mtl_p7_fan_electric_metal_dirty
material,mc/mtl_p7_wood_plank_rustic_2x12x96
material,mc/mtl_p7_zm_der_plank_wood_01
material,mc/mtl_p7_zm_der_pswitch_body
material,mc/mtl_p7_zm_der_pswitch_body_brass
material,mc/mtl_p7_zm_der_pswitch_body_plastic
material,mc/mtl_p7_zm_der_pswitch_body_plastic_red
material,mc/mtl_p7_zm_der_pswitch_bulb
material,mc/mtl_p7_zm_der_pswitch_glass
material,mc/mtl_p7_zm_der_pswitch_handle
material,mc/mtl_p7_zm_der_pswitch_handle_blk
material,mc/mtl_p7_zm_der_pswitch_handle_red
material,mc/mtl_p7_zm_der_teleporter_control_gauge
material,mc/mtl_p7_zm_vending_doubletap2_back
material,mc/mtl_p7_zm_vending_doubletap2_front_bottom
material,mc/mtl_p7_zm_vending_doubletap2_front_top
material,mc/mtl_p7_zm_vending_doubletap2_side_bottom
material,mc/mtl_p7_zm_vending_doubletap2_side_top
material,mc/mtl_p7_zm_vending_doubletap2_sign
material,mc/mtl_p7_zm_vending_dying_wish_back
material,mc/mtl_p7_zm_vending_dying_wish_coil
material,mc/mtl_p7_zm_vending_dying_wish_front_bottom
material,mc/mtl_p7_zm_vending_dying_wish_front_top
material,mc/mtl_p7_zm_vending_dying_wish_side_bottom
material,mc/mtl_p7_zm_vending_dying_wish_side_top
material,mc/mtl_p7_zm_vending_dying_wish_sign
material,mc/mtl_p7_zm_vending_jugg
material,mc/mtl_p7_zm_vending_jugg_bottom
material,mc/mtl_p7_zm_vending_jugg_sign
material,mc/mtl_p7_zm_vending_jugg_top
material,mc/mtl_p7_zm_vending_marathon_coil
material,mc/mtl_p7_zm_vending_marathon_glass
material,mc/mtl_p7_zm_vending_marathon_lebal
material,mc/mtl_p7_zm_vending_marathon_light
material,mc/mtl_p7_zm_vending_marathon_metal
material,mc/mtl_p7_zm_vending_marathon_paint
material,mc/mtl_p7_zm_vending_marathon_plus
material,mc/mtl_p7_zm_vending_marathon_wood
material,mc/mtl_p7_zm_vending_packapunch
material,mc/mtl_p7_zm_vending_packapunch_sign
material,mc/mtl_p7_zm_vending_packapunch_sign_wait
material,mc/mtl_p7_zm_vending_pap_bottom_back
material,mc/mtl_p7_zm_vending_pap_detail
material,mc/mtl_p7_zm_vending_pap_frame_left
material,mc/mtl_p7_zm_vending_pap_frame_right
material,mc/mtl_p7_zm_vending_pap_front_side
material,mc/mtl_p7_zm_vending_pap_leather
material,mc/mtl_p7_zm_vending_pap_leather_scroll
material,mc/mtl_p7_zm_vending_pap_logo
material,mc/mtl_p7_zm_vending_pap_roller
material,mc/mtl_p7_zm_vending_pap_side_inside
material,mc/mtl_p7_zm_vending_pap_top
material,mc/mtl_p7_zm_vending_pap_top_main
material,mc/mtl_p7_zm_vending_revive
material,mc/mtl_p7_zm_vending_revive_sign
material,mc/mtl_p7_zm_vending_revive_top_cover
material,mc/mtl_p7_zm_vending_sleight
material,mc/mtl_p7_zm_vending_sleight_back
material,mc/mtl_p7_zm_vending_sleight_coil
material,mc/mtl_p7_zm_vending_sleight_detail
material,mc/mtl_p7_zm_vending_sleight_glass
material,mc/mtl_p7_zm_vending_sleight_side
material,mc/mtl_p7_zm_vending_sleight_sign
material,mc/mtl_p7_zm_vending_three_gun_coil
material,mc/mtl_p7_zm_vending_three_gun_decal
material,mc/mtl_p7_zm_vending_three_gun_dust_1
material,mc/mtl_p7_zm_vending_three_gun_dust_2
material,mc/mtl_p7_zm_vending_three_gun_glass
material,mc/mtl_p7_zm_vending_three_gun_metal_01_bld
material,mc/mtl_p7_zm_vending_three_gun_metal_01_green_bld
material,mc/mtl_p7_zm_vending_three_gun_metal_01_yellow_bld
material,mc/mtl_p7_zm_vending_three_gun_metal_02_bld
material,mc/mtl_p7_zm_vending_three_gun_metal_02_green_bld
material,mc/mtl_p7_zm_vending_three_gun_metal_02_intake_bld
material,mc/mtl_p7_zm_vending_three_gun_metal_02_red_bld
material,mc/mtl_p7_zm_vending_three_gun_metal_02_yellow_bld
material,mc/mtl_p7_zm_vending_three_gun_metal_03_bld
material,mc/mtl_p7_zm_vending_three_gun_metal_04_bld
material,mc/mtl_p7_zm_vending_three_gun_metal_05_bld
material,mc/mtl_p7_zm_vending_three_gun_metal_intake_03
material,mc/mtl_p7_zm_vending_three_gun_plastic
material,mc/mtl_p7_zm_vending_widows_wine_aluminum
material,mc/mtl_p7_zm_vending_widows_wine_backlit_red
material,mc/mtl_p7_zm_vending_widows_wine_backlit_white
material,mc/mtl_p7_zm_vending_widows_wine_chrome
material,mc/mtl_p7_zm_vending_widows_wine_decal_ten
material,mc/mtl_p7_zm_vending_widows_wine_decal_ww
material,mc/mtl_p7_zm_vending_widows_wine_iron
material,mc/mtl_p7_zm_vending_widows_wine_paint_black
material,mc/mtl_p7_zm_vending_widows_wine_scrollwork
material,mc/mtl_p7_zm_vending_widows_wine_sign
material,mc/mtl_p7_zm_vending_widows_wine_window
material,mc/mtl_skybox_default_black
material,mc/mtl_skybox_default_day
material,mc/mtl_wardog_t6_perk_machine_cherry
material,mc/mtl_wardog_t6_perk_machine_cherry_decal
material,mc/mtl_wardog_t6_perk_machine_cherry_emissive
material,mc/mtl_wardog_t6_perk_machine_cherry_glass
material,mc/mtl_wardog_t6_perk_machine_tombstone
material,mc/mtl_wardog_t6_perk_machine_tombstone_emissive
material,mc/mtl_wardog_t6_perk_machine_tombstone_glass
material,mc/mtl_wardog_t6_perk_machine_tombstone_logo
material,mc/mtl_wardog_t6_perk_machine_tombstone_logo_emissive
material,mc/mtl_wardog_t6_perk_machine_tombstone_vent
material,mc/mtl_wardog_t6_perk_machine_tombstone_vent_emissive
material,mc/mtl_wardog_t6_perk_machine_vulture
material,mc/mtl_wardog_t6_perk_machine_vulture_emissive
material,mc/mtl_wardog_t6_perk_machine_whos
material,mc/mtl_wardog_t6_perk_machine_whos_emissive
material,mc/mtl_wardog_t6_perk_machine_whos_glass
material,mc/mtl_wardog_t6_powerup_tombstone
material,mc/mtl_wardog_t6_powerup_vulture_ammo
material,mc/mtl_wardog_t6_powerup_vulture_points
material,mc/mtl_wardog_t7_perk_bottle_glass
material,mc/mtl_wardog_t7_perk_bottle_metal
material,mc/mtl_wardog_t7_perk_bottle_metal_cherry
material,mc/mtl_wardog_t7_perk_bottle_metal_deadshot
material,mc/mtl_wardog_t7_perk_bottle_metal_dtap
material,mc/mtl_wardog_t7_perk_bottle_metal_jugg
material,mc/mtl_wardog_t7_perk_bottle_metal_mule
material,mc/mtl_wardog_t7_perk_bottle_metal_phd
material,mc/mtl_wardog_t7_perk_bottle_metal_revive
material,mc/mtl_wardog_t7_perk_bottle_metal_speed
material,mc/mtl_wardog_t7_perk_bottle_metal_stamin
material,mc/mtl_wardog_t7_perk_bottle_metal_tombstone
material,mc/mtl_wardog_t7_perk_bottle_metal_vulture
material,mc/mtl_wardog_t7_perk_bottle_metal_whos
material,mc/mtl_wardog_t7_perk_bottle_metal_widow
material,mc/mtl_wardog_t7_perk_bottle_paper
material,mc/mtl_wardog_t7_perk_bottle_paper_cherry
material,mc/mtl_wardog_t7_perk_bottle_paper_deadshot
material,mc/mtl_wardog_t7_perk_bottle_paper_dtap
material,mc/mtl_wardog_t7_perk_bottle_paper_jugg
material,mc/mtl_wardog_t7_perk_bottle_paper_mule
material,mc/mtl_wardog_t7_perk_bottle_paper_phd
material,mc/mtl_wardog_t7_perk_bottle_paper_revive
material,mc/mtl_wardog_t7_perk_bottle_paper_speed
material,mc/mtl_wardog_t7_perk_bottle_paper_stamin
material,mc/mtl_wardog_t7_perk_bottle_paper_tombstone
material,mc/mtl_wardog_t7_perk_bottle_paper_vulture
material,mc/mtl_wardog_t7_perk_bottle_paper_whos
material,mc/mtl_wardog_t7_perk_bottle_paper_widow
material,mc/mtl_wardog_t7_perk_bottle_water
material,mc/mtl_wardog_t7_perk_bottle_water_cherry
material,mc/mtl_wardog_t7_perk_bottle_water_deadshot
material,mc/mtl_wardog_t7_perk_bottle_water_dtap
material,mc/mtl_wardog_t7_perk_bottle_water_jugg
material,mc/mtl_wardog_t7_perk_bottle_water_mule
material,mc/mtl_wardog_t7_perk_bottle_water_phd
material,mc/mtl_wardog_t7_perk_bottle_water_revive
material,mc/mtl_wardog_t7_perk_bottle_water_speed
material,mc/mtl_wardog_t7_perk_bottle_water_stamin
material,mc/mtl_wardog_t7_perk_bottle_water_tombstone
material,mc/mtl_wardog_t7_perk_bottle_water_vulture
material,mc/mtl_wardog_t7_perk_bottle_water_whos
material,mc/mtl_wardog_t7_perk_bottle_water_widow
material,mc/mtl_wardog_t7_perk_machine_phd
material,mc/mtl_wardog_t7_perk_machine_phd_emissive
material,mc/mtl_wpn_t7_zmb_perk_bottle_glass
material,mc/mtl_wpn_t7_zmb_perk_bottle_metal_dying_wish
material,mc/mtl_wpn_t7_zmb_perk_bottle_paper_dying_wish
material,mc/mtl_wpn_t7_zmb_perk_bottle_water_dying_wish
material,mc/t7_glass_dirty_streaks
material,sanchez_waypoint_revive
material,wardog_t7_hud_perk_cherry
material,wardog_t7_hud_perk_deadshot
material,wardog_t7_hud_perk_dtap
material,wardog_t7_hud_perk_jugg
material,wardog_t7_hud_perk_mule
material,wardog_t7_hud_perk_phd
material,wardog_t7_hud_perk_revive
material,wardog_t7_hud_perk_speed
material,wardog_t7_hud_perk_stamin
material,wardog_t7_hud_perk_tombstone
material,wardog_t7_hud_perk_vulture
material,wardog_t7_hud_perk_vulture_glow
material,wardog_t7_hud_perk_vulture_stink
material,wardog_t7_hud_perk_whos
material,wardog_t7_hud_perk_widow
material,wc/$default3d
material,wc/script_wall
material,wc/shadowcaster
material,wc/t7_rubble_wood_flood
material,wc/t7_stone_cobblestone_01_muddy_r01
material,wc/t7_zm_chalk_buy_arak
material,wc/t7_zm_chalk_buy_krm
techset,ei/effect_lit_emissive_add#2843f95a
techset,mc/emissive_add#e6142445
techset,mc/glass_backlit#e6142445
techset,mc/lit_alphatest_nocull_advanced#e6142445
techset,mc/lit_backlit#e6142445
techset,mc/lit_backlit_advanced#e6142445
techset,mc/lit_backlit_micro_tile_blend#e6142445
techset,mc/lit_backlit_plus#e6142445
techset,mc/lit_detail_alphatest#e6142445
techset,mc/lit_micro_tile_blend_advanced#e6142445
techset,mc/lit_micro_tile_blend_plus#e6142445
techset,mc/lit_micro_tiled#e6142445
techset,mc/lit_nocull#e6142445
techset,mc/lit_scroll_rotate#e6142445
techset,mc/lit_transparent_nocull_advanced#e6142445
techset,mc/sky_hdr#e6142445
techset,mc/sky_latlong_hdr#e6142445
techset,wc/default#882572b8
techset,wc/lit#882572b8
techset,wc/lit_emissive_scroll_transparent#882572b8
techset,wc/lit_micro_tile_blend#882572b8
techset,wc/shadowcaster#882572b8
image,$black_spec_illegal
image,$occlusion_50
image,$thickness
image,core_script_wall_c
image,fxt_bio_fly_top
image,fxt_dust_spike_sm_anim
image,fxt_light_ray_spread_streaks
image,i_c_gen_reveal_2k_sq_r
image,i_c_zom_der_zombie_body1_ao
image,i_c_zom_der_zombie_body1_c
image,i_c_zom_der_zombie_body1_chest_ao
image,i_c_zom_der_zombie_body1_chest_c
image,i_c_zom_der_zombie_body1_chest_g
image,i_c_zom_der_zombie_body1_chest_n
image,i_c_zom_der_zombie_body1_g
image,i_c_zom_der_zombie_body1_n
image,i_c_zom_der_zombie_body2_ao
image,i_c_zom_der_zombie_body2_c
image,i_c_zom_der_zombie_body2_g
image,i_c_zom_der_zombie_body2_n
image,i_c_zom_der_zombie_body2_s
image,i_c_zom_der_zombie_body2_skin_ao
image,i_c_zom_der_zombie_body2_skin_c
image,i_c_zom_der_zombie_body2_skin_g
image,i_c_zom_der_zombie_body2_skin_n
image,i_c_zom_der_zombie_g43pouch_ao
image,i_c_zom_der_zombie_g43pouch_c
image,i_c_zom_der_zombie_g43pouch_g
image,i_c_zom_der_zombie_g43pouch_n
image,i_c_zom_der_zombie_g43pouch_s
image,i_c_zom_der_zombie_head1_ao
image,i_c_zom_der_zombie_head1_c
image,i_c_zom_der_zombie_head1_g
image,i_c_zom_der_zombie_head1_n
image,i_c_zom_der_zombie_head2_ao
image,i_c_zom_der_zombie_head2_c
image,i_c_zom_der_zombie_head2_g
image,i_c_zom_der_zombie_head2_n
image,i_c_zom_der_zombie_head3_ao
image,i_c_zom_der_zombie_head3_c
image,i_c_zom_der_zombie_head3_g
image,i_c_zom_der_zombie_head3_n
image,i_c_zom_der_zombie_helmet1_c
image,i_c_zom_der_zombie_helmet1_g
image,i_c_zom_der_zombie_helmet1_n
image,i_c_zom_der_zombie_helmet1_o
image,i_c_zom_der_zombie_k98pouch_ao
image,i_c_zom_der_zombie_k98pouch_c
image,i_c_zom_der_zombie_k98pouch_g
image,i_c_zom_der_zombie_k98pouch_n
image,i_c_zom_der_zombie_k98pouch_s
image,i_c_zom_der_zombie_knife_ao
image,i_c_zom_der_zombie_knife_c
image,i_c_zom_der_zombie_knife_g
image,i_c_zom_der_zombie_knife_n
image,i_c_zom_der_zombie_knife_s
image,i_c_zom_der_zombie_mp40pouch_ao
image,i_c_zom_der_zombie_mp40pouch_c
image,i_c_zom_der_zombie_mp40pouch_g
image,i_c_zom_der_zombie_mp40pouch_n
image,i_c_zom_der_zombie_mp40pouch_s
image,i_c_zom_zod_zombie_fem_body_1_skin_c
image,i_c_zom_zod_zombie_fem_body_1_skin_g
image,i_c_zom_zod_zombie_fem_body_1_skin_n
image,i_c_zom_zod_zombie_fem_boots_c
image,i_c_zom_zod_zombie_fem_boots_g
image,i_c_zom_zod_zombie_fem_boots_n
image,i_gfx_wardog_t6_vulture_glow
image,i_gfx_wardog_t6_vulture_glow_cherry
image,i_gfx_wardog_t6_vulture_glow_chest
image,i_gfx_wardog_t6_vulture_glow_deadshot
image,i_gfx_wardog_t6_vulture_glow_dtap
image,i_gfx_wardog_t6_vulture_glow_fizz
image,i_gfx_wardog_t6_vulture_glow_gobble
image,i_gfx_wardog_t6_vulture_glow_jugg
image,i_gfx_wardog_t6_vulture_glow_mule
image,i_gfx_wardog_t6_vulture_glow_pap
image,i_gfx_wardog_t6_vulture_glow_perk
image,i_gfx_wardog_t6_vulture_glow_phd
image,i_gfx_wardog_t6_vulture_glow_revive
image,i_gfx_wardog_t6_vulture_glow_speed
image,i_gfx_wardog_t6_vulture_glow_stamin
image,i_gfx_wardog_t6_vulture_glow_tombstone
image,i_gfx_wardog_t6_vulture_glow_vulture
image,i_gfx_wardog_t6_vulture_glow_wallbuy_dyanmic
image,i_gfx_wardog_t6_vulture_glow_wallbuy_static
image,i_gfx_wardog_t6_vulture_glow_whos
image,i_gfx_wardog_t6_vulture_glow_widows
image,i_mtl_p7_cai_chair_wood_c
image,i_mtl_p7_cai_chair_wood_n
image,i_mtl_p7_cai_table_cafe_01_set_m
image,i_mtl_p7_cai_table_cafe_01_set_n
image,i_mtl_p7_cinder_block_c
image,i_mtl_p7_cinder_block_detail_n
image,i_mtl_p7_cinder_block_n
image,i_mtl_p7_fan_electric_dirty_c
image,i_mtl_p7_fan_electric_dirty_g
image,i_mtl_p7_fan_electric_dirty_n
image,i_mtl_p7_fan_electric_dirty_s
image,i_mtl_p7_fan_electric_n
image,i_mtl_p7_fan_electric_o
image,i_mtl_p7_wood_plank_rustic_2x12x96_c
image,i_mtl_p7_wood_plank_rustic_2x12x96_n
image,i_mtl_p7_zm_der_plank_wood_01_c
image,i_mtl_p7_zm_der_plank_wood_01_n
image,i_mtl_p7_zm_der_teleporter_control_gauge_c
image,i_mtl_p7_zm_pswitch_bulb_c
image,i_mtl_p7_zm_pswitch_bulb_t
image,i_mtl_p7_zm_pswitch_glass_c
image,i_mtl_p7_zm_pswitch_handle_m
image,i_mtl_p7_zm_pswitch_handle_n
image,i_mtl_p7_zm_pswitch_handle_o
image,i_mtl_p7_zm_pswitch_m
image,i_mtl_p7_zm_pswitch_n
image,i_mtl_p7_zm_pswitch_o
image,i_mtl_p7_zm_vending_doubletap2_back_c
image,i_mtl_p7_zm_vending_doubletap2_back_g
image,i_mtl_p7_zm_vending_doubletap2_back_n
image,i_mtl_p7_zm_vending_doubletap2_back_o
image,i_mtl_p7_zm_vending_doubletap2_back_s
image,i_mtl_p7_zm_vending_doubletap2_front_bottom_c
image,i_mtl_p7_zm_vending_doubletap2_front_bottom_g
image,i_mtl_p7_zm_vending_doubletap2_front_bottom_n
image,i_mtl_p7_zm_vending_doubletap2_front_bottom_o
image,i_mtl_p7_zm_vending_doubletap2_front_top_c
image,i_mtl_p7_zm_vending_doubletap2_front_top_g
image,i_mtl_p7_zm_vending_doubletap2_front_top_n
image,i_mtl_p7_zm_vending_doubletap2_front_top_o
image,i_mtl_p7_zm_vending_doubletap2_front_top_s
image,i_mtl_p7_zm_vending_doubletap2_side_bottom_c
image,i_mtl_p7_zm_vending_doubletap2_side_bottom_g
image,i_mtl_p7_zm_vending_doubletap2_side_bottom_n
image,i_mtl_p7_zm_vending_doubletap2_side_bottom_o
image,i_mtl_p7_zm_vending_doubletap2_side_bottom_s
image,i_mtl_p7_zm_vending_doubletap2_side_top_c
image,i_mtl_p7_zm_vending_doubletap2_side_top_g
image,i_mtl_p7_zm_vending_doubletap2_side_top_n
image,i_mtl_p7_zm_vending_doubletap2_side_top_o
image,i_mtl_p7_zm_vending_doubletap2_side_top_s
image,i_mtl_p7_zm_vending_doubletap2_sign_c
image,i_mtl_p7_zm_vending_doubletap2_sign_n
image,i_mtl_p7_zm_vending_doubletap2_sign_t
image,i_mtl_p7_zm_vending_dying_wish_back_c
image,i_mtl_p7_zm_vending_dying_wish_back_g
image,i_mtl_p7_zm_vending_dying_wish_back_n
image,i_mtl_p7_zm_vending_dying_wish_back_o
image,i_mtl_p7_zm_vending_dying_wish_back_s
image,i_mtl_p7_zm_vending_dying_wish_front_bottom_c
image,i_mtl_p7_zm_vending_dying_wish_front_bottom_g
image,i_mtl_p7_zm_vending_dying_wish_front_bottom_o
image,i_mtl_p7_zm_vending_dying_wish_front_top_c
image,i_mtl_p7_zm_vending_dying_wish_front_top_g
image,i_mtl_p7_zm_vending_dying_wish_front_top_n
image,i_mtl_p7_zm_vending_dying_wish_front_top_o
image,i_mtl_p7_zm_vending_dying_wish_front_top_s
image,i_mtl_p7_zm_vending_dying_wish_side_bottom_c
image,i_mtl_p7_zm_vending_dying_wish_side_bottom_g
image,i_mtl_p7_zm_vending_dying_wish_side_bottom_n
image,i_mtl_p7_zm_vending_dying_wish_side_bottom_o
image,i_mtl_p7_zm_vending_dying_wish_side_bottom_s
image,i_mtl_p7_zm_vending_dying_wish_side_top_c
image,i_mtl_p7_zm_vending_dying_wish_side_top_g
image,i_mtl_p7_zm_vending_dying_wish_side_top_n
image,i_mtl_p7_zm_vending_dying_wish_side_top_o
image,i_mtl_p7_zm_vending_dying_wish_side_top_s
image,i_mtl_p7_zm_vending_dying_wish_sign_c
image,i_mtl_p7_zm_vending_dying_wish_sign_n
image,i_mtl_p7_zm_vending_dying_wish_sign_t
image,i_mtl_p7_zm_vending_jugg_bottom_c
image,i_mtl_p7_zm_vending_jugg_bottom_g
image,i_mtl_p7_zm_vending_jugg_bottom_n
image,i_mtl_p7_zm_vending_jugg_bottom_o
image,i_mtl_p7_zm_vending_jugg_bottom_s
image,i_mtl_p7_zm_vending_jugg_c
image,i_mtl_p7_zm_vending_jugg_g
image,i_mtl_p7_zm_vending_jugg_n
image,i_mtl_p7_zm_vending_jugg_o
image,i_mtl_p7_zm_vending_jugg_s
image,i_mtl_p7_zm_vending_jugg_sign_c
image,i_mtl_p7_zm_vending_jugg_sign_n
image,i_mtl_p7_zm_vending_jugg_sign_t
image,i_mtl_p7_zm_vending_jugg_top_c
image,i_mtl_p7_zm_vending_jugg_top_g
image,i_mtl_p7_zm_vending_jugg_top_n
image,i_mtl_p7_zm_vending_jugg_top_o
image,i_mtl_p7_zm_vending_jugg_top_s
image,i_mtl_p7_zm_vending_marathon_lebal_c
image,i_mtl_p7_zm_vending_marathon_lebal_n
image,i_mtl_p7_zm_vending_marathon_light_c
image,i_mtl_p7_zm_vending_marathon_light_g
image,i_mtl_p7_zm_vending_marathon_light_n
image,i_mtl_p7_zm_vending_marathon_light_o
image,i_mtl_p7_zm_vending_marathon_light_t
image,i_mtl_p7_zm_vending_marathon_metal_m
image,i_mtl_p7_zm_vending_marathon_metal_n
image,i_mtl_p7_zm_vending_marathon_metal_o
image,i_mtl_p7_zm_vending_marathon_paint_m
image,i_mtl_p7_zm_vending_marathon_paint_n
image,i_mtl_p7_zm_vending_marathon_paint_o
image,i_mtl_p7_zm_vending_marathon_wood_m
image,i_mtl_p7_zm_vending_marathon_wood_n
image,i_mtl_p7_zm_vending_marathon_wood_o
image,i_mtl_p7_zm_vending_packapunch_g
image,i_mtl_p7_zm_vending_packapunch_moving_c
image,i_mtl_p7_zm_vending_packapunch_moving_g
image,i_mtl_p7_zm_vending_packapunch_moving_n
image,i_mtl_p7_zm_vending_packapunch_moving_o
image,i_mtl_p7_zm_vending_packapunch_moving_s
image,i_mtl_p7_zm_vending_packapunch_moving_t
image,i_mtl_p7_zm_vending_packapunch_n
image,i_mtl_p7_zm_vending_packapunch_o
image,i_mtl_p7_zm_vending_packapunch_s
image,i_mtl_p7_zm_vending_packapunch_sign_wait_c
image,i_mtl_p7_zm_vending_packapunch_sign_wait_g
image,i_mtl_p7_zm_vending_packapunch_sign_wait_s
image,i_mtl_p7_zm_vending_pap_bottom_back_c
image,i_mtl_p7_zm_vending_pap_bottom_back_g
image,i_mtl_p7_zm_vending_pap_bottom_back_n
image,i_mtl_p7_zm_vending_pap_bottom_back_o
image,i_mtl_p7_zm_vending_pap_bottom_back_s
image,i_mtl_p7_zm_vending_pap_frame_left_c
image,i_mtl_p7_zm_vending_pap_frame_left_g
image,i_mtl_p7_zm_vending_pap_frame_left_n
image,i_mtl_p7_zm_vending_pap_frame_left_o
image,i_mtl_p7_zm_vending_pap_frame_left_s
image,i_mtl_p7_zm_vending_pap_frame_right_c
image,i_mtl_p7_zm_vending_pap_frame_right_g
image,i_mtl_p7_zm_vending_pap_frame_right_n
image,i_mtl_p7_zm_vending_pap_frame_right_o
image,i_mtl_p7_zm_vending_pap_frame_right_s
image,i_mtl_p7_zm_vending_pap_front_side_c
image,i_mtl_p7_zm_vending_pap_front_side_g
image,i_mtl_p7_zm_vending_pap_front_side_n
image,i_mtl_p7_zm_vending_pap_front_side_o
image,i_mtl_p7_zm_vending_pap_front_side_s
image,i_mtl_p7_zm_vending_pap_leather_c
image,i_mtl_p7_zm_vending_pap_leather_n
image,i_mtl_p7_zm_vending_pap_side_inside_c
image,i_mtl_p7_zm_vending_pap_side_inside_g
image,i_mtl_p7_zm_vending_pap_side_inside_n
image,i_mtl_p7_zm_vending_pap_side_inside_o
image,i_mtl_p7_zm_vending_pap_side_inside_s
image,i_mtl_p7_zm_vending_pap_top_c
image,i_mtl_p7_zm_vending_pap_top_g
image,i_mtl_p7_zm_vending_pap_top_main_c
image,i_mtl_p7_zm_vending_pap_top_main_g
image,i_mtl_p7_zm_vending_pap_top_main_n
image,i_mtl_p7_zm_vending_pap_top_main_o
image,i_mtl_p7_zm_vending_pap_top_main_s
image,i_mtl_p7_zm_vending_pap_top_n
image,i_mtl_p7_zm_vending_pap_top_o
image,i_mtl_p7_zm_vending_pap_top_s
image,i_mtl_p7_zm_vending_revive_c
image,i_mtl_p7_zm_vending_revive_g
image,i_mtl_p7_zm_vending_revive_n
image,i_mtl_p7_zm_vending_revive_o
image,i_mtl_p7_zm_vending_revive_s
image,i_mtl_p7_zm_vending_revive_sign_c
image,i_mtl_p7_zm_vending_revive_sign_n
image,i_mtl_p7_zm_vending_revive_sign_t
image,i_mtl_p7_zm_vending_revive_top_cover_c
image,i_mtl_p7_zm_vending_revive_top_cover_g
image,i_mtl_p7_zm_vending_revive_top_cover_n
image,i_mtl_p7_zm_vending_revive_top_cover_o
image,i_mtl_p7_zm_vending_revive_top_cover_s
image,i_mtl_p7_zm_vending_sleight_back_c
image,i_mtl_p7_zm_vending_sleight_back_g
image,i_mtl_p7_zm_vending_sleight_back_n
image,i_mtl_p7_zm_vending_sleight_back_o
image,i_mtl_p7_zm_vending_sleight_back_s
image,i_mtl_p7_zm_vending_sleight_c
image,i_mtl_p7_zm_vending_sleight_coil_c
image,i_mtl_p7_zm_vending_sleight_coil_g
image,i_mtl_p7_zm_vending_sleight_coil_n
image,i_mtl_p7_zm_vending_sleight_detail_c
image,i_mtl_p7_zm_vending_sleight_detail_g
image,i_mtl_p7_zm_vending_sleight_detail_n
image,i_mtl_p7_zm_vending_sleight_detail_o
image,i_mtl_p7_zm_vending_sleight_detail_s
image,i_mtl_p7_zm_vending_sleight_g
image,i_mtl_p7_zm_vending_sleight_n
image,i_mtl_p7_zm_vending_sleight_o
image,i_mtl_p7_zm_vending_sleight_s
image,i_mtl_p7_zm_vending_sleight_side_c
image,i_mtl_p7_zm_vending_sleight_side_g
image,i_mtl_p7_zm_vending_sleight_side_n
image,i_mtl_p7_zm_vending_sleight_side_o
image,i_mtl_p7_zm_vending_sleight_side_s
image,i_mtl_p7_zm_vending_sleight_sign_c
image,i_mtl_p7_zm_vending_sleight_sign_t
image,i_mtl_p7_zm_vending_sleight_t
image,i_mtl_p7_zm_vending_three_gun_coil_c
image,i_mtl_p7_zm_vending_three_gun_coil_n
image,i_mtl_p7_zm_vending_three_gun_metal_01_m
image,i_mtl_p7_zm_vending_three_gun_metal_01_n
image,i_mtl_p7_zm_vending_three_gun_metal_02_m
image,i_mtl_p7_zm_vending_three_gun_metal_02_n
image,i_mtl_p7_zm_vending_three_gun_metal_03_c
image,i_mtl_p7_zm_vending_three_gun_metal_03_g
image,i_mtl_p7_zm_vending_three_gun_metal_03_m
image,i_mtl_p7_zm_vending_three_gun_metal_03_n
image,i_mtl_p7_zm_vending_widows_wine_chrome_m
image,i_mtl_p7_zm_vending_widows_wine_chrome_n
image,i_mtl_p7_zm_vending_widows_wine_chrome_o
image,i_mtl_p7_zm_vending_widows_wine_decal_ten_c
image,i_mtl_p7_zm_vending_widows_wine_decal_ww_c
image,i_mtl_p7_zm_vending_widows_wine_glass_c
image,i_mtl_p7_zm_vending_widows_wine_glass_n
image,i_mtl_p7_zm_vending_widows_wine_glass_o
image,i_mtl_p7_zm_vending_widows_wine_glass_t
image,i_mtl_p7_zm_vending_widows_wine_iron_m
image,i_mtl_p7_zm_vending_widows_wine_iron_n
image,i_mtl_p7_zm_vending_widows_wine_paint_m
image,i_mtl_p7_zm_vending_widows_wine_paint_n
image,i_mtl_p7_zm_vending_widows_wine_paint_o
image,i_mtl_p7_zm_vending_widows_wine_scrollwork_c
image,i_mtl_p7_zm_vending_widows_wine_scrollwork_n
image,i_mtl_p7_zm_vending_widows_wine_sign_c
image,i_mtl_p7_zm_vending_widows_wine_sign_n
image,i_mtl_p7_zm_vending_widows_wine_sign_t
image,i_mtl_p7_zm_vending_widows_wine_window_c
image,i_mtl_p7_zm_vending_widows_wine_window_g
image,i_sanchez_waypoint_revive
image,i_specialty_dyingwish_zombies
image,i_t7_decal_coffee_stain_01_c
image,i_t7_decal_grunge_bottom_02_c
image,i_t7_decal_grunge_calcium_drip_01_c
image,i_t7_decal_metal_fasteners_c
image,i_t7_decal_metal_fasteners_g
image,i_t7_decal_metal_fasteners_n
image,i_t7_decal_metal_fasteners_o
image,i_t7_detail_acrylic_01_n
image,i_t7_detail_wood_01
image,i_t7_glass_dirty_streaks_02_g
image,i_t7_glass_dirty_streaks_c
image,i_t7_glass_dirty_streaks_g
image,i_t7_metal_gunmetal_02_c
image,i_t7_micro_concrete_c
image,i_t7_micro_dusty_01_c
image,i_t7_micro_grunge_pool_silt_01_g
image,i_t7_micro_metal_bare_scuffed_01_g
image,i_t7_micro_metal_bare_worn_01_g
image,i_t7_micro_metal_grunge_lathed_01_g
image,i_t7_micro_metal_grunge_pockmarks_01_c
image,i_t7_micro_metal_grunge_pockmarks_01_g
image,i_t7_micro_metal_grunge_pockmarks_01_n
image,i_t7_micro_metal_grunge_pockmarks_01_s
image,i_t7_micro_metal_grunge_scratch_fine_01_c
image,i_t7_micro_metal_grunge_scratch_fine_01_g
image,i_t7_micro_metal_grunge_scratch_fine_01_n
image,i_t7_micro_metal_grunge_scratch_fine_01_s
image,i_t7_micro_metal_painted_01_c
image,i_t7_micro_metal_painted_02_c
image,i_t7_micro_metal_painted_02_g
image,i_t7_micro_metal_painted_02_n
image,i_t7_micro_metal_painted_scuffed_01_c
image,i_t7_micro_metal_painted_scuffed_01_g
image,i_t7_micro_metal_painted_scuffed_01_n
image,i_t7_micro_metal_rough_01_n
image,i_t7_micro_metal_rust_01_c
image,i_t7_micro_metal_rust_01_g
image,i_t7_micro_metal_rust_01_n
image,i_t7_micro_metal_rust_c
image,i_t7_micro_metal_rust_n
image,i_t7_micro_plastic_rough_02_c
image,i_t7_micro_plastic_rough_02_n
image,i_t7_micro_plastic_rough_heavy_01_c
image,i_t7_micro_plastic_rough_heavy_01_n
image,i_t7_micro_wood_rough_01_c
image,i_t7_micro_wood_rough_01_g
image,i_t7_micro_wood_rough_01_n
image,i_t7_micro_wood_varied_teak_c
image,i_t7_micro_wood_varied_teak_g
image,i_t7_micro_wood_varied_teak_n
image,i_t7_mud_ground_dirt_wet_01_c
image,i_t7_mud_ground_dirt_wet_01_n
image,i_t7_rubble_wood_flood_c
image,i_t7_rubble_wood_flood_n
image,i_t7_stone_cobblestone_01_c
image,i_t7_stone_cobblestone_01_n
image,i_t7_stone_cobblestone_01_r
image,i_t7_zm_chalk_buy_arak_c
image,i_t7_zm_chalk_buy_krm_c
image,i_wardog_t6_perk_machine_cherry_c
image,i_wardog_t6_perk_machine_cherry_decal_c
image,i_wardog_t6_perk_machine_cherry_decal_g
image,i_wardog_t6_perk_machine_cherry_decal_n
image,i_wardog_t6_perk_machine_cherry_decal_s
image,i_wardog_t6_perk_machine_cherry_emissive_c
image,i_wardog_t6_perk_machine_cherry_g
image,i_wardog_t6_perk_machine_cherry_glass_c
image,i_wardog_t6_perk_machine_cherry_glass_g
image,i_wardog_t6_perk_machine_cherry_glass_s
image,i_wardog_t6_perk_machine_cherry_n
image,i_wardog_t6_perk_machine_cherry_s
image,i_wardog_t6_perk_machine_tombstone_c
image,i_wardog_t6_perk_machine_tombstone_e
image,i_wardog_t6_perk_machine_tombstone_g
image,i_wardog_t6_perk_machine_tombstone_logo_c
image,i_wardog_t6_perk_machine_tombstone_logo_e
image,i_wardog_t6_perk_machine_tombstone_logo_g
image,i_wardog_t6_perk_machine_tombstone_logo_n
image,i_wardog_t6_perk_machine_tombstone_logo_s
image,i_wardog_t6_perk_machine_tombstone_n
image,i_wardog_t6_perk_machine_tombstone_s
image,i_wardog_t6_perk_machine_vulture_c
image,i_wardog_t6_perk_machine_vulture_emissive_c
image,i_wardog_t6_perk_machine_vulture_g
image,i_wardog_t6_perk_machine_vulture_n
image,i_wardog_t6_perk_machine_vulture_s
image,i_wardog_t6_perk_machine_whos_c
image,i_wardog_t6_perk_machine_whos_emissive_c
image,i_wardog_t6_perk_machine_whos_g
image,i_wardog_t6_perk_machine_whos_glass_c
image,i_wardog_t6_perk_machine_whos_glass_g
image,i_wardog_t6_perk_machine_whos_glass_s
image,i_wardog_t6_perk_machine_whos_n
image,i_wardog_t6_perk_machine_whos_s
image,i_wardog_t6_powerup_tombstone_c
image,i_wardog_t6_powerup_tombstone_detail_n
image,i_wardog_t6_powerup_tombstone_n
image,i_wardog_t6_powerup_vulture_ammo_c
image,i_wardog_t6_powerup_vulture_ammo_g
image,i_wardog_t6_powerup_vulture_ammo_n
image,i_wardog_t6_powerup_vulture_ammo_s
image,i_wardog_t6_powerup_vulture_points_c
image,i_wardog_t6_powerup_vulture_points_g
image,i_wardog_t6_powerup_vulture_points_n
image,i_wardog_t6_powerup_vulture_points_s
image,i_wardog_t7_hud_perk_cherry
image,i_wardog_t7_hud_perk_deadshot
image,i_wardog_t7_hud_perk_dtap
image,i_wardog_t7_hud_perk_jugg
image,i_wardog_t7_hud_perk_mule
image,i_wardog_t7_hud_perk_phd
image,i_wardog_t7_hud_perk_revive
image,i_wardog_t7_hud_perk_speed
image,i_wardog_t7_hud_perk_stamin
image,i_wardog_t7_hud_perk_tombstone
image,i_wardog_t7_hud_perk_vulture
image,i_wardog_t7_hud_perk_vulture_glow
image,i_wardog_t7_hud_perk_vulture_stink_c
image,i_wardog_t7_hud_perk_whos
image,i_wardog_t7_hud_perk_widow
image,i_wardog_t7_perk_bottle_glass_c
image,i_wardog_t7_perk_bottle_glass_g
image,i_wardog_t7_perk_bottle_glass_n
image,i_wardog_t7_perk_bottle_glass_s
image,i_wardog_t7_perk_bottle_metal_cherry_c
image,i_wardog_t7_perk_bottle_metal_cherry_s
image,i_wardog_t7_perk_bottle_metal_deadshot_c
image,i_wardog_t7_perk_bottle_metal_deadshot_s
image,i_wardog_t7_perk_bottle_metal_dtap_c
image,i_wardog_t7_perk_bottle_metal_dtap_s
image,i_wardog_t7_perk_bottle_metal_g
image,i_wardog_t7_perk_bottle_metal_jugg_c
image,i_wardog_t7_perk_bottle_metal_jugg_s
image,i_wardog_t7_perk_bottle_metal_mule_c
image,i_wardog_t7_perk_bottle_metal_mule_s
image,i_wardog_t7_perk_bottle_metal_n
image,i_wardog_t7_perk_bottle_metal_o
image,i_wardog_t7_perk_bottle_metal_phd_c
image,i_wardog_t7_perk_bottle_metal_phd_s
image,i_wardog_t7_perk_bottle_metal_revive_c
image,i_wardog_t7_perk_bottle_metal_revive_s
image,i_wardog_t7_perk_bottle_metal_speed_c
image,i_wardog_t7_perk_bottle_metal_speed_s
image,i_wardog_t7_perk_bottle_metal_stamin_c
image,i_wardog_t7_perk_bottle_metal_stamin_s
image,i_wardog_t7_perk_bottle_metal_tombstone_c
image,i_wardog_t7_perk_bottle_metal_tombstone_s
image,i_wardog_t7_perk_bottle_metal_vulture_c
image,i_wardog_t7_perk_bottle_metal_vulture_s
image,i_wardog_t7_perk_bottle_metal_whos_c
image,i_wardog_t7_perk_bottle_metal_whos_s
image,i_wardog_t7_perk_bottle_metal_widow_c
image,i_wardog_t7_perk_bottle_metal_widow_s
image,i_wardog_t7_perk_bottle_paper_cherry_c
image,i_wardog_t7_perk_bottle_paper_deadshot_c
image,i_wardog_t7_perk_bottle_paper_dtap_c
image,i_wardog_t7_perk_bottle_paper_jugg_c
image,i_wardog_t7_perk_bottle_paper_mule_c
image,i_wardog_t7_perk_bottle_paper_n
image,i_wardog_t7_perk_bottle_paper_phd_c
image,i_wardog_t7_perk_bottle_paper_revive_c
image,i_wardog_t7_perk_bottle_paper_speed_c
image,i_wardog_t7_perk_bottle_paper_stamin_c
image,i_wardog_t7_perk_bottle_paper_tombstone_c
image,i_wardog_t7_perk_bottle_paper_vulture_c
image,i_wardog_t7_perk_bottle_paper_whos_c
image,i_wardog_t7_perk_bottle_paper_widow_c
image,i_wardog_t7_perk_bottle_water_cherry_c
image,i_wardog_t7_perk_bottle_water_deadshot_c
image,i_wardog_t7_perk_bottle_water_dtap_c
image,i_wardog_t7_perk_bottle_water_jugg_c
image,i_wardog_t7_perk_bottle_water_mule_c
image,i_wardog_t7_perk_bottle_water_phd_c
image,i_wardog_t7_perk_bottle_water_revive_c
image,i_wardog_t7_perk_bottle_water_speed_c
image,i_wardog_t7_perk_bottle_water_stamin_c
image,i_wardog_t7_perk_bottle_water_tombstone_c
image,i_wardog_t7_perk_bottle_water_vulture_c
image,i_wardog_t7_perk_bottle_water_whos_c
image,i_wardog_t7_perk_bottle_water_widow_c
image,i_wardog_t7_perk_machine_phd_c
image,i_wardog_t7_perk_machine_phd_emissive_c
image,i_wardog_t7_perk_machine_phd_g
image,i_wardog_t7_perk_machine_phd_n
image,i_wardog_t7_perk_machine_phd_s
image,i_wpn_t7_zmb_perk_bottle_glass_c
image,i_wpn_t7_zmb_perk_bottle_glass_g
image,i_wpn_t7_zmb_perk_bottle_glass_n
image,i_wpn_t7_zmb_perk_bottle_glass_s
image,i_wpn_t7_zmb_perk_bottle_metal_g
image,i_wpn_t7_zmb_perk_bottle_metal_n
image,i_wpn_t7_zmb_perk_bottle_metal_o
image,i_wpn_t7_zmb_perk_bottle_paper_dying_wish_c
image,i_wpn_t7_zmb_perk_bottle_paper_n
image,img_luts_curve_blend
image,p6_zm_barricade_board_upgrade_c
image,p6_zm_barricade_board_upgrade_n
image,shadow
image,skybox_default_black
image,skybox_default_day_ft
image,t7_cp_hud_tacmode_type_amws
image,zm_grid_BC3_SRGB_combo
image,zm_grid_BC4_combo
image,zm_grid_BC7_SRGB_combo
image,zm_grid_BC7_combo
sound,zm_grid
col_map,maps/zm/zm_grid.d3dbsp
com_map,maps/zm/zm_grid.d3dbsp
game_map,maps/zm/zm_grid.d3dbsp
map_ents,maps/zm/zm_grid.d3dbsp
gfx_map,maps/zm/zm_grid.d3dbsp
weapon,wardog_t7_perk_bottle
weapon,wardog_t7_perk_bottle_cherry
weapon,wardog_t7_perk_bottle_deadshot
weapon,wardog_t7_perk_bottle_dtap
weapon,wardog_t7_perk_bottle_jugg
weapon,wardog_t7_perk_bottle_mule
weapon,wardog_t7_perk_bottle_phd
weapon,wardog_t7_perk_bottle_revive
weapon,wardog_t7_perk_bottle_speed
weapon,wardog_t7_perk_bottle_stamin
weapon,wardog_t7_perk_bottle_tombstone
weapon,wardog_t7_perk_bottle_vulture
weapon,wardog_t7_perk_bottle_whos
weapon,wardog_t7_perk_bottle_widow
weapon,zombie_ai_defaultmelee_zm
weapon,zombie_perk_bottle_dying_wish
fx,animals/fx_bio_fly_disturbed_blackstation
fx,blood/fx_blood_gib_arm_sever_burst
fx,blood/fx_blood_gib_leg_sever_burst
fx,blood/fx_blood_impact_exp_body_lg_zmb
fx,blood/fx_blood_sword_trail_emitter_zod_zmb
fx,blood/fx_blood_trail_zmb
fx,wardog/perks/vulture/vulture_drop_glow
fx,wardog/perks/vulture/vulture_powerup_glow
fx,wardog/perks/vulture/vulture_stink_floor
fx,wardog/perks/vulture/vulture_stink_zombie
fx,wardog/perks/vulture/vulture_waypoint_fx_cherry
fx,wardog/perks/vulture/vulture_waypoint_fx_chest
fx,wardog/perks/vulture/vulture_waypoint_fx_deadshot
fx,wardog/perks/vulture/vulture_waypoint_fx_dtap
fx,wardog/perks/vulture/vulture_waypoint_fx_fizz
fx,wardog/perks/vulture/vulture_waypoint_fx_gobble
fx,wardog/perks/vulture/vulture_waypoint_fx_jugg
fx,wardog/perks/vulture/vulture_waypoint_fx_mule
fx,wardog/perks/vulture/vulture_waypoint_fx_pap
fx,wardog/perks/vulture/vulture_waypoint_fx_phd
fx,wardog/perks/vulture/vulture_waypoint_fx_revive
fx,wardog/perks/vulture/vulture_waypoint_fx_speed
fx,wardog/perks/vulture/vulture_waypoint_fx_stamin
fx,wardog/perks/vulture/vulture_waypoint_fx_tombstone
fx,wardog/perks/vulture/vulture_waypoint_fx_vulture
fx,wardog/perks/vulture/vulture_waypoint_fx_wallbuy_dynamic
fx,wardog/perks/vulture/vulture_waypoint_fx_wallbuy_static
fx,wardog/perks/vulture/vulture_waypoint_fx_whos
fx,wardog/perks/vulture/vulture_waypoint_fx_widows
fx,zombie/fx_barrier_window_build_zmb
fx,zombie/fx_packapunch_zmb
rawfile,scripts/wardog/perk/_wardog_perk_phd.gsh
rawfile,scripts/wardog/perk/_wardog_perk_tombstone.gsh
rawfile,scripts/wardog/perk/_wardog_perk_vulture.gsh
rawfile,scripts/zm/_zm_perk_additionalprimaryweapon.gsh
rawfile,scripts/zm/_zm_perk_chugabud.gsh
rawfile,scripts/zm/_zm_perk_deadshot.gsh
rawfile,scripts/zm/_zm_perk_doubletap2.gsh
rawfile,scripts/zm/_zm_perk_electric_cherry.gsh
rawfile,scripts/zm/_zm_perk_juggernaut.gsh
rawfile,scripts/zm/_zm_perk_quick_revive.gsh
rawfile,scripts/zm/_zm_perk_sleight_of_hand.gsh
rawfile,scripts/zm/_zm_perk_staminup.gsh
rawfile,scripts/zm/_zm_perk_widows_wine.gsh
rawfile,ui/uieditor/menus/hud/t7hud_zm_custom.lua
rawfile,ui/uieditor/widgets/hud/customperksfactory.luac
scriptparsetree,scripts/wardog/perk/_wardog_perk_hud.gsc
scriptparsetree,scripts/wardog/perk/_wardog_perk_phd.csc
scriptparsetree,scripts/wardog/perk/_wardog_perk_phd.gsc
scriptparsetree,scripts/wardog/perk/_wardog_perk_tombstone.csc
scriptparsetree,scripts/wardog/perk/_wardog_perk_tombstone.gsc
scriptparsetree,scripts/wardog/perk/_wardog_perk_vulture.csc
scriptparsetree,scripts/wardog/perk/_wardog_perk_vulture.gsc
scriptparsetree,scripts/wardog/wardog_addon.csc
scriptparsetree,scripts/wardog/wardog_addon.gsc
scriptparsetree,scripts/wardog/wardog_button.gsc
scriptparsetree,scripts/wardog/wardog_callback.gsc
scriptparsetree,scripts/wardog/wardog_overrides.gsc
scriptparsetree,scripts/wardog/wardog_util.gsc
scriptparsetree,scripts/zm/_zm_perk_additionalprimaryweapon.csc
scriptparsetree,scripts/zm/_zm_perk_additionalprimaryweapon.gsc
scriptparsetree,scripts/zm/_zm_perk_chugabud.csc
scriptparsetree,scripts/zm/_zm_perk_chugabud.gsc
scriptparsetree,scripts/zm/_zm_perk_deadshot.csc
scriptparsetree,scripts/zm/_zm_perk_deadshot.gsc
scriptparsetree,scripts/zm/_zm_perk_doubletap2.csc
scriptparsetree,scripts/zm/_zm_perk_doubletap2.gsc
scriptparsetree,scripts/zm/_zm_perk_dying_wish.csc
scriptparsetree,scripts/zm/_zm_perk_dying_wish.gsc
scriptparsetree,scripts/zm/_zm_perk_dying_wish.gsh
scriptparsetree,scripts/zm/_zm_perk_electric_cherry.csc
scriptparsetree,scripts/zm/_zm_perk_electric_cherry.gsc
scriptparsetree,scripts/zm/_zm_perk_juggernaut.csc
scriptparsetree,scripts/zm/_zm_perk_juggernaut.gsc
scriptparsetree,scripts/zm/_zm_perk_quick_revive.csc
scriptparsetree,scripts/zm/_zm_perk_quick_revive.gsc
scriptparsetree,scripts/zm/_zm_perk_sleight_of_hand.csc
scriptparsetree,scripts/zm/_zm_perk_sleight_of_hand.gsc
scriptparsetree,scripts/zm/_zm_perk_staminup.csc
scriptparsetree,scripts/zm/_zm_perk_staminup.gsc
scriptparsetree,scripts/zm/_zm_perk_widows_wine.csc
scriptparsetree,scripts/zm/_zm_perk_widows_wine.gsc
scriptparsetree,scripts/zm/hitmarker.gsc
scriptparsetree,scripts/zm/ugxmods_timedgp.gsc
scriptparsetree,scripts/zm/zm_grid.csc
scriptparsetree,scripts/zm/zm_grid.gsc
keyvaluepairs,zm_grid
surfacesounddef,zombfootstep_crouch_run_zomb
surfacesounddef,zombfootstep_crouch_walk_zomb
surfacesounddef,zombfootstep_ladder_hand_zomb
surfacesounddef,zombfootstep_prone_zomb
surfacesounddef,zombfootstep_run_zomb
surfacesounddef,zombfootstep_sprint_zomb
surfacesounddef,zombfootstep_walk_zomb
footsteptable,zombfootstep
zbarrier,zmcore_basicwoodbarrier
zbarrier,zmcore_packapunch
scriptbundle,c_54i_grunt_fx_table
scriptbundle,c_zom_der_zombie_gib_def
scriptbundle,c_zom_der_zombie_hat_gib_def
animselectortable,zm_factory_zombie.ai_ast
animmappingtable,zm_factory_zombie.ai_am
animstatemachine,zm_zombie.ai_asm
behaviortree,zm_zombie.ai_bt
lightdescription,gfx_dlight_gen_omni_r25-72942508
texturecombo,zm_grid
navmesh,maps/zm/zm_grid_navmesh
